second,timecode,yavg_raw,yavg_0_255
0,00:00:00,0.00,0.0
1,00:00:01,0.00,0.0
2,00:00:02,0.00,0.0
3,00:00:03,0.00,0.0
4,00:00:04,0.00,0.0
5,00:00:05,0.00,0.0
6,00:00:06,0.00,0.0
7,00:00:07,0.00,0.0
8,00:00:08,0.00,0.0
9,00:00:09,0.00,0.0
10,00:00:10,0.00,0.0
11,00:00:11,0.00,0.0
12,00:00:12,0.00,0.0
13,00:00:13,0.00,0.0
14,00:00:14,0.00,0.0
15,00:00:15,0.00,0.0
16,00:00:16,0.00,0.0
17,00:00:17,0.00,0.0
18,00:00:18,0.00,0.0
19,00:00:19,0.00,0.0
20,00:00:20,0.00,0.0
21,00:00:21,0.00,0.0
22,00:00:22,0.00,0.0
23,00:00:23,0.00,0.0
24,00:00:24,0.00,0.0
25,00:00:25,0.00,0.0
26,00:00:26,0.00,0.0
27,00:00:27,0.00,0.0
28,00:00:28,0.00,0.0
29,00:00:29,0.00,0.0
30,00:00:30,0.00,0.0
31,00:00:31,0.00,0.0
32,00:00:32,0.00,0.0
33,00:00:33,0.00,0.0
34,00:00:34,0.00,0.0
35,00:00:35,0.00,0.0
36,00:00:36,0.00,0.0
37,00:00:37,0.00,0.0
38,00:00:38,0.00,0.0
39,00:00:39,0.00,0.0
40,00:00:40,0.00,0.0
41,00:00:41,0.00,0.0
42,00:00:42,0.00,0.0
43,00:00:43,0.00,0.0
44,00:00:44,0.00,0.0
45,00:00:45,0.00,0.0
46,00:00:46,0.00,0.0
47,00:00:47,0.00,0.0
48,00:00:48,0.00,0.0
49,00:00:49,0.00,0.0
50,00:00:50,0.00,0.0
51,00:00:51,0.00,0.0
52,00:00:52,0.00,0.0
53,00:00:53,0.00,0.0
54,00:00:54,0.00,0.0
55,00:00:55,0.00,0.0
56,00:00:56,0.00,0.0
57,00:00:57,0.00,0.0
58,00:00:58,0.00,0.0
59,00:00:59,0.00,0.0
60,00:01:00,0.00,0.0
61,00:01:01,0.00,0.0
62,00:01:02,0.00,0.0
63,00:01:03,0.00,0.0
64,00:01:04,0.00,0.0
65,00:01:05,0.00,0.0
66,00:01:06,0.00,0.0
67,00:01:07,0.00,0.0
68,00:01:08,0.00,0.0
69,00:01:09,0.00,0.0
70,00:01:10,0.00,0.0
71,00:01:11,0.00,0.0
72,00:01:12,0.00,0.0
73,00:01:13,0.00,0.0
74,00:01:14,0.00,0.0
75,00:01:15,0.00,0.0
76,00:01:16,0.00,0.0
77,00:01:17,0.00,0.0
78,00:01:18,0.00,0.0
79,00:01:19,0.00,0.0
80,00:01:20,0.00,0.0
81,00:01:21,0.00,0.0
82,00:01:22,0.00,0.0
83,00:01:23,0.00,0.0
84,00:01:24,0.00,0.0
85,00:01:25,0.00,0.0
86,00:01:26,0.00,0.0
87,00:01:27,0.00,0.0
88,00:01:28,0.00,0.0
89,00:01:29,0.00,0.0
90,00:01:30,0.00,0.0
91,00:01:31,0.00,0.0
92,00:01:32,0.00,0.0
93,00:01:33,0.00,0.0
94,00:01:34,0.00,0.0
95,00:01:35,0.00,0.0
96,00:01:36,0.00,0.0
97,00:01:37,0.00,0.0
98,00:01:38,0.00,0.0
99,00:01:39,0.00,0.0
100,00:01:40,0.00,0.0
101,00:01:41,0.00,0.0
102,00:01:42,0.00,0.0
103,00:01:43,0.00,0.0
104,00:01:44,0.00,0.0
105,00:01:45,0.00,0.0
106,00:01:46,0.00,0.0
107,00:01:47,0.00,0.0
108,00:01:48,0.00,0.0
109,00:01:49,0.00,0.0
110,00:01:50,0.00,0.0
111,00:01:51,0.00,0.0
112,00:01:52,0.00,0.0
113,00:01:53,0.00,0.0
114,00:01:54,0.00,0.0
115,00:01:55,0.00,0.0
116,00:01:56,0.00,0.0
117,00:01:57,0.00,0.0
118,00:01:58,0.00,0.0
119,00:01:59,0.00,0.0
120,00:02:00,0.00,0.0
121,00:02:01,0.00,0.0
122,00:02:02,0.00,0.0
123,00:02:03,0.00,0.0
124,00:02:04,0.00,0.0
125,00:02:05,0.00,0.0
126,00:02:06,0.00,0.0
127,00:02:07,0.00,0.0
128,00:02:08,0.00,0.0
129,00:02:09,0.00,0.0
130,00:02:10,0.00,0.0
131,00:02:11,0.00,0.0
132,00:02:12,0.00,0.0
133,00:02:13,0.00,0.0
134,00:02:14,0.00,0.0
135,00:02:15,0.00,0.0
136,00:02:16,0.00,0.0
137,00:02:17,0.00,0.0
138,00:02:18,0.00,0.0
139,00:02:19,0.00,0.0
140,00:02:20,0.00,0.0
141,00:02:21,0.00,0.0
142,00:02:22,0.00,0.0
143,00:02:23,0.00,0.0
144,00:02:24,0.00,0.0
145,00:02:25,0.00,0.0
146,00:02:26,0.00,0.0
147,00:02:27,0.00,0.0
148,00:02:28,0.00,0.0
149,00:02:29,0.00,0.0
150,00:02:30,0.00,0.0
151,00:02:31,0.00,0.0
152,00:02:32,0.00,0.0
153,00:02:33,0.00,0.0
154,00:02:34,0.00,0.0
155,00:02:35,0.00,0.0
156,00:02:36,0.00,0.0
157,00:02:37,0.00,0.0
158,00:02:38,0.00,0.0
159,00:02:39,0.00,0.0
160,00:02:40,0.00,0.0
161,00:02:41,0.00,0.0
162,00:02:42,0.00,0.0
163,00:02:43,0.00,0.0
164,00:02:44,0.00,0.0
165,00:02:45,0.00,0.0
166,00:02:46,0.00,0.0
167,00:02:47,0.00,0.0
168,00:02:48,0.00,0.0
169,00:02:49,0.00,0.0
170,00:02:50,0.00,0.0
171,00:02:51,0.00,0.0
172,00:02:52,0.00,0.0
173,00:02:53,0.00,0.0
174,00:02:54,0.00,0.0
175,00:02:55,0.00,0.0
176,00:02:56,0.00,0.0
177,00:02:57,0.00,0.0
178,00:02:58,0.00,0.0
179,00:02:59,0.00,0.0
180,00:03:00,0.00,0.0
181,00:03:01,0.00,0.0
182,00:03:02,0.00,0.0
183,00:03:03,0.00,0.0
184,00:03:04,0.00,0.0
185,00:03:05,0.00,0.0
186,00:03:06,0.00,0.0
187,00:03:07,0.00,0.0
188,00:03:08,0.00,0.0
189,00:03:09,0.00,0.0
190,00:03:10,0.00,0.0
191,00:03:11,0.00,0.0
192,00:03:12,0.00,0.0
193,00:03:13,0.00,0.0
194,00:03:14,0.00,0.0
195,00:03:15,0.00,0.0
196,00:03:16,0.00,0.0
197,00:03:17,0.00,0.0
198,00:03:18,0.00,0.0
199,00:03:19,0.00,0.0
200,00:03:20,0.00,0.0
201,00:03:21,0.00,0.0
202,00:03:22,0.00,0.0
203,00:03:23,0.00,0.0
204,00:03:24,0.00,0.0
205,00:03:25,0.00,0.0
206,00:03:26,0.00,0.0
207,00:03:27,0.00,0.0
208,00:03:28,0.00,0.0
209,00:03:29,0.00,0.0
210,00:03:30,0.00,0.0
211,00:03:31,0.00,0.0
212,00:03:32,0.00,0.0
213,00:03:33,0.00,0.0
214,00:03:34,0.00,0.0
215,00:03:35,0.00,0.0
216,00:03:36,0.00,0.0
217,00:03:37,0.00,0.0
218,00:03:38,0.00,0.0
219,00:03:39,0.00,0.0
220,00:03:40,0.00,0.0
221,00:03:41,0.00,0.0
222,00:03:42,1.00,0.0
223,00:03:43,2.00,0.0
224,00:03:44,2.00,0.0
225,00:03:45,3.00,0.0
226,00:03:46,3.00,0.0
227,00:03:47,4.00,0.0
228,00:03:48,4.00,0.0
229,00:03:49,5.00,0.0
230,00:03:50,5.00,0.0
231,00:03:51,6.00,0.0
232,00:03:52,6.00,0.0
233,00:03:53,8.00,0.0
234,00:03:54,9.00,0.0
235,00:03:55,10.00,0.0
236,00:03:56,10.00,0.0
237,00:03:57,11.00,0.0
238,00:03:58,11.00,0.0
239,00:03:59,12.00,0.0
240,00:04:00,12.00,0.0
241,00:04:01,13.00,0.0
242,00:04:02,14.00,0.0
243,00:04:03,16.00,0.0
244,00:04:04,17.00,1.2
245,00:04:05,18.00,2.3
246,00:04:06,19.00,3.5
247,00:04:07,20.00,4.7
248,00:04:08,20.00,4.7
249,00:04:09,21.00,5.8
250,00:04:10,21.00,5.8
251,00:04:11,24.00,9.3
252,00:04:12,26.00,11.6
253,00:04:13,27.00,12.8
254,00:04:14,28.00,14.0
255,00:04:15,29.00,15.1
256,00:04:16,29.00,15.1
257,00:04:17,29.00,15.1
258,00:04:18,30.00,16.3
259,00:04:19,32.00,18.6
260,00:04:20,34.00,21.0
261,00:04:21,35.00,22.1
262,00:04:22,36.00,23.3
263,00:04:23,36.00,23.3
264,00:04:24,36.00,23.3
265,00:04:25,36.00,23.3
266,00:04:26,35.00,22.1
267,00:04:27,34.00,21.0
268,00:04:28,34.00,21.0
269,00:04:29,33.00,19.8
270,00:04:30,33.00,19.8
271,00:04:31,35.00,22.1
272,00:04:32,38.00,25.6
273,00:04:33,38.00,25.6
274,00:04:34,36.00,23.3
275,00:04:35,33.00,19.8
276,00:04:36,31.00,17.5
277,00:04:37,28.00,14.0
278,00:04:38,25.00,10.5
279,00:04:39,23.00,8.2
280,00:04:40,20.00,4.7
281,00:04:41,17.00,1.2
282,00:04:42,15.00,0.0
283,00:04:43,14.00,0.0
284,00:04:44,13.00,0.0
285,00:04:45,12.00,0.0
286,00:04:46,11.00,0.0
287,00:04:47,9.00,0.0
288,00:04:48,9.00,0.0
289,00:04:49,8.00,0.0
290,00:04:50,7.00,0.0
291,00:04:51,5.00,0.0
292,00:04:52,1.00,0.0
293,00:04:53,0.00,0.0
294,00:04:54,0.00,0.0
295,00:04:55,0.00,0.0
296,00:04:56,0.00,0.0
297,00:04:57,0.00,0.0
298,00:04:58,0.00,0.0
299,00:04:59,0.00,0.0
300,00:05:00,0.00,0.0
301,00:05:01,0.00,0.0
302,00:05:02,0.00,0.0
303,00:05:03,0.00,0.0
304,00:05:04,0.00,0.0
305,00:05:05,0.00,0.0
306,00:05:06,0.00,0.0
307,00:05:07,0.00,0.0
308,00:05:08,0.00,0.0
309,00:05:09,0.00,0.0
310,00:05:10,0.00,0.0
311,00:05:11,0.00,0.0
312,00:05:12,0.00,0.0
313,00:05:13,0.00,0.0
314,00:05:14,0.00,0.0
315,00:05:15,0.00,0.0
316,00:05:16,0.00,0.0
317,00:05:17,0.00,0.0
318,00:05:18,0.00,0.0
319,00:05:19,0.00,0.0
320,00:05:20,0.00,0.0
321,00:05:21,0.00,0.0
322,00:05:22,0.00,0.0
323,00:05:23,0.00,0.0
324,00:05:24,0.00,0.0
325,00:05:25,0.00,0.0
326,00:05:26,0.00,0.0
327,00:05:27,0.00,0.0
328,00:05:28,0.00,0.0
329,00:05:29,0.00,0.0
330,00:05:30,0.00,0.0
331,00:05:31,0.00,0.0
332,00:05:32,0.00,0.0
333,00:05:33,0.00,0.0
334,00:05:34,0.00,0.0
335,00:05:35,0.00,0.0
336,00:05:36,0.00,0.0
337,00:05:37,0.00,0.0
338,00:05:38,0.00,0.0
339,00:05:39,0.00,0.0
340,00:05:40,0.00,0.0
341,00:05:41,0.00,0.0
342,00:05:42,0.00,0.0
343,00:05:43,0.00,0.0
344,00:05:44,0.00,0.0
345,00:05:45,0.00,0.0
346,00:05:46,0.00,0.0
347,00:05:47,0.00,0.0
348,00:05:48,0.00,0.0
349,00:05:49,0.00,0.0
350,00:05:50,0.00,0.0
351,00:05:51,0.00,0.0
352,00:05:52,0.00,0.0
353,00:05:53,0.00,0.0
354,00:05:54,0.00,0.0
355,00:05:55,0.00,0.0
356,00:05:56,0.00,0.0
357,00:05:57,0.00,0.0
358,00:05:58,0.00,0.0
359,00:05:59,0.00,0.0
360,00:06:00,0.00,0.0
361,00:06:01,0.00,0.0
362,00:06:02,0.00,0.0
363,00:06:03,0.00,0.0
364,00:06:04,0.00,0.0
365,00:06:05,0.00,0.0
366,00:06:06,0.00,0.0
367,00:06:07,0.00,0.0
368,00:06:08,0.00,0.0
369,00:06:09,0.00,0.0
370,00:06:10,0.00,0.0
371,00:06:11,0.00,0.0
372,00:06:12,0.00,0.0
373,00:06:13,0.00,0.0
374,00:06:14,0.00,0.0
375,00:06:15,0.00,0.0
376,00:06:16,0.00,0.0
377,00:06:17,0.00,0.0
378,00:06:18,0.00,0.0
379,00:06:19,0.00,0.0
380,00:06:20,0.00,0.0
381,00:06:21,0.00,0.0
382,00:06:22,0.00,0.0
383,00:06:23,0.00,0.0
384,00:06:24,0.00,0.0
385,00:06:25,0.00,0.0
386,00:06:26,0.00,0.0
387,00:06:27,0.00,0.0
388,00:06:28,0.00,0.0
389,00:06:29,0.00,0.0
390,00:06:30,0.00,0.0
391,00:06:31,0.00,0.0
392,00:06:32,0.00,0.0
393,00:06:33,0.00,0.0
394,00:06:34,0.00,0.0
395,00:06:35,0.00,0.0
396,00:06:36,0.00,0.0
397,00:06:37,0.00,0.0
398,00:06:38,0.00,0.0
399,00:06:39,0.00,0.0
400,00:06:40,0.00,0.0
401,00:06:41,0.00,0.0
402,00:06:42,0.00,0.0
403,00:06:43,0.00,0.0
404,00:06:44,0.00,0.0
405,00:06:45,0.00,0.0
406,00:06:46,0.00,0.0
407,00:06:47,0.00,0.0
408,00:06:48,0.00,0.0
409,00:06:49,0.00,0.0
410,00:06:50,0.00,0.0
411,00:06:51,0.00,0.0
412,00:06:52,0.00,0.0
413,00:06:53,0.00,0.0
414,00:06:54,0.00,0.0
415,00:06:55,0.00,0.0
416,00:06:56,0.00,0.0
417,00:06:57,0.00,0.0
418,00:06:58,0.00,0.0
419,00:06:59,0.00,0.0
420,00:07:00,0.00,0.0
421,00:07:01,0.00,0.0
422,00:07:02,1.00,0.0
423,00:07:03,2.00,0.0
424,00:07:04,2.00,0.0
425,00:07:05,2.00,0.0
426,00:07:06,1.00,0.0
427,00:07:07,1.00,0.0
428,00:07:08,0.00,0.0
429,00:07:09,0.00,0.0
430,00:07:10,0.00,0.0
431,00:07:11,0.00,0.0
432,00:07:12,0.00,0.0
433,00:07:13,0.00,0.0
434,00:07:14,0.00,0.0
435,00:07:15,0.00,0.0
436,00:07:16,0.00,0.0
437,00:07:17,0.00,0.0
438,00:07:18,0.00,0.0
439,00:07:19,0.00,0.0
440,00:07:20,0.00,0.0
441,00:07:21,0.00,0.0
442,00:07:22,0.00,0.0
443,00:07:23,0.00,0.0
444,00:07:24,0.00,0.0
445,00:07:25,0.00,0.0
446,00:07:26,0.00,0.0
447,00:07:27,0.00,0.0
448,00:07:28,0.00,0.0
449,00:07:29,0.00,0.0
450,00:07:30,0.00,0.0
451,00:07:31,0.00,0.0
452,00:07:32,0.00,0.0
453,00:07:33,0.00,0.0
454,00:07:34,0.00,0.0
455,00:07:35,0.00,0.0
456,00:07:36,0.00,0.0
457,00:07:37,0.00,0.0
458,00:07:38,0.00,0.0
459,00:07:39,0.00,0.0
460,00:07:40,0.00,0.0
461,00:07:41,0.00,0.0
462,00:07:42,0.00,0.0
463,00:07:43,0.00,0.0
464,00:07:44,0.00,0.0
465,00:07:45,0.00,0.0
466,00:07:46,0.00,0.0
467,00:07:47,0.00,0.0
468,00:07:48,0.00,0.0
469,00:07:49,0.00,0.0
470,00:07:50,0.00,0.0
471,00:07:51,0.00,0.0
472,00:07:52,0.00,0.0
473,00:07:53,0.00,0.0
474,00:07:54,0.00,0.0
475,00:07:55,0.00,0.0
476,00:07:56,0.00,0.0
477,00:07:57,0.00,0.0
478,00:07:58,0.00,0.0
479,00:07:59,0.00,0.0
480,00:08:00,0.00,0.0
481,00:08:01,0.00,0.0
482,00:08:02,0.00,0.0
483,00:08:03,0.00,0.0
484,00:08:04,0.00,0.0
485,00:08:05,0.00,0.0
486,00:08:06,0.00,0.0
487,00:08:07,0.00,0.0
488,00:08:08,0.00,0.0
489,00:08:09,0.00,0.0
490,00:08:10,0.00,0.0
491,00:08:11,0.00,0.0
492,00:08:12,0.00,0.0
493,00:08:13,0.00,0.0
494,00:08:14,0.00,0.0
495,00:08:15,0.00,0.0
496,00:08:16,0.00,0.0
497,00:08:17,0.00,0.0
498,00:08:18,0.00,0.0
499,00:08:19,0.00,0.0
500,00:08:20,0.00,0.0
501,00:08:21,0.00,0.0
502,00:08:22,0.00,0.0
503,00:08:23,0.00,0.0
504,00:08:24,0.00,0.0
505,00:08:25,0.00,0.0
506,00:08:26,0.00,0.0
507,00:08:27,0.00,0.0
508,00:08:28,0.00,0.0
509,00:08:29,0.00,0.0
510,00:08:30,0.00,0.0
511,00:08:31,0.00,0.0
512,00:08:32,0.00,0.0
513,00:08:33,0.00,0.0
514,00:08:34,0.00,0.0
515,00:08:35,0.00,0.0
516,00:08:36,0.00,0.0
517,00:08:37,0.00,0.0
518,00:08:38,0.00,0.0
519,00:08:39,0.00,0.0
520,00:08:40,0.00,0.0
521,00:08:41,0.00,0.0
522,00:08:42,0.00,0.0
523,00:08:43,0.00,0.0
524,00:08:44,0.00,0.0
525,00:08:45,0.00,0.0
526,00:08:46,0.00,0.0
527,00:08:47,0.00,0.0
528,00:08:48,0.00,0.0
529,00:08:49,2.00,0.0
530,00:08:50,5.00,0.0
531,00:08:51,6.00,0.0
532,00:08:52,7.00,0.0
533,00:08:53,6.00,0.0
534,00:08:54,6.00,0.0
535,00:08:55,7.00,0.0
536,00:08:56,7.00,0.0
537,00:08:57,7.00,0.0
538,00:08:58,8.00,0.0
539,00:08:59,8.00,0.0
540,00:09:00,7.00,0.0
541,00:09:01,6.00,0.0
542,00:09:02,5.00,0.0
543,00:09:03,4.00,0.0
544,00:09:04,3.00,0.0
545,00:09:05,2.00,0.0
546,00:09:06,2.00,0.0
547,00:09:07,2.00,0.0
548,00:09:08,3.00,0.0
549,00:09:09,4.00,0.0
550,00:09:10,5.00,0.0
551,00:09:11,6.00,0.0
552,00:09:12,7.00,0.0
553,00:09:13,9.00,0.0
554,00:09:14,11.00,0.0
555,00:09:15,12.00,0.0
556,00:09:16,13.00,0.0
557,00:09:17,14.00,0.0
558,00:09:18,15.00,0.0
559,00:09:19,15.00,0.0
560,00:09:20,16.00,0.0
561,00:09:21,17.00,1.2
562,00:09:22,20.00,4.7
563,00:09:23,22.00,7.0
564,00:09:24,24.00,9.3
565,00:09:25,27.00,12.8
566,00:09:26,29.00,15.1
567,00:09:27,31.00,17.5
568,00:09:28,35.00,22.1
569,00:09:29,37.00,24.5
570,00:09:30,40.00,27.9
571,00:09:31,44.00,32.6
572,00:09:32,45.00,33.8
573,00:09:33,46.00,34.9
574,00:09:34,45.00,33.8
575,00:09:35,44.00,32.6
576,00:09:36,42.00,30.3
577,00:09:37,39.00,26.8
578,00:09:38,37.00,24.5
579,00:09:39,34.00,21.0
580,00:09:40,32.00,18.6
581,00:09:41,29.00,15.1
582,00:09:42,26.00,11.6
583,00:09:43,21.00,5.8
584,00:09:44,17.00,1.2
585,00:09:45,13.00,0.0
586,00:09:46,10.00,0.0
587,00:09:47,7.00,0.0
588,00:09:48,5.00,0.0
589,00:09:49,3.00,0.0
590,00:09:50,1.00,0.0
591,00:09:51,0.00,0.0
592,00:09:52,0.00,0.0
593,00:09:53,0.00,0.0
594,00:09:54,0.00,0.0
595,00:09:55,0.00,0.0
596,00:09:56,0.00,0.0
597,00:09:57,0.00,0.0
598,00:09:58,0.00,0.0
599,00:09:59,0.00,0.0
600,00:10:00,0.00,0.0
601,00:10:01,0.00,0.0
602,00:10:02,0.00,0.0
603,00:10:03,0.00,0.0
604,00:10:04,0.00,0.0
605,00:10:05,0.00,0.0
606,00:10:06,0.00,0.0
607,00:10:07,0.00,0.0
608,00:10:08,0.00,0.0
609,00:10:09,0.00,0.0
610,00:10:10,0.00,0.0
611,00:10:11,0.00,0.0
612,00:10:12,0.00,0.0
613,00:10:13,0.00,0.0
614,00:10:14,0.00,0.0
615,00:10:15,0.00,0.0
616,00:10:16,0.00,0.0
617,00:10:17,0.00,0.0
618,00:10:18,0.00,0.0
619,00:10:19,0.00,0.0
620,00:10:20,0.00,0.0
621,00:10:21,0.00,0.0
622,00:10:22,0.00,0.0
623,00:10:23,0.00,0.0
624,00:10:24,0.00,0.0
625,00:10:25,0.00,0.0
626,00:10:26,0.00,0.0
627,00:10:27,0.00,0.0
628,00:10:28,0.00,0.0
629,00:10:29,0.00,0.0
630,00:10:30,1.00,0.0
631,00:10:31,2.00,0.0
632,00:10:32,3.00,0.0
633,00:10:33,3.00,0.0
634,00:10:34,3.00,0.0
635,00:10:35,5.00,0.0
636,00:10:36,7.00,0.0
637,00:10:37,10.00,0.0
638,00:10:38,12.00,0.0
639,00:10:39,13.00,0.0
640,00:10:40,14.00,0.0
641,00:10:41,16.00,0.0
642,00:10:42,16.00,0.0
643,00:10:43,17.00,1.2
644,00:10:44,17.00,1.2
645,00:10:45,17.00,1.2
646,00:10:46,16.00,0.0
647,00:10:47,15.00,0.0
648,00:10:48,14.00,0.0
649,00:10:49,14.00,0.0
650,00:10:50,13.00,0.0
651,00:10:51,11.00,0.0
652,00:10:52,10.00,0.0
653,00:10:53,9.00,0.0
654,00:10:54,8.00,0.0
655,00:10:55,6.00,0.0
656,00:10:56,4.00,0.0
657,00:10:57,0.00,0.0
658,00:10:58,0.00,0.0
659,00:10:59,0.00,0.0
660,00:11:00,0.00,0.0
661,00:11:01,0.00,0.0
662,00:11:02,0.00,0.0
663,00:11:03,0.00,0.0
664,00:11:04,0.00,0.0
665,00:11:05,0.00,0.0
666,00:11:06,0.00,0.0
667,00:11:07,0.00,0.0
668,00:11:08,0.00,0.0
669,00:11:09,0.00,0.0
670,00:11:10,0.00,0.0
671,00:11:11,0.00,0.0
672,00:11:12,0.00,0.0
673,00:11:13,0.00,0.0
674,00:11:14,0.00,0.0
675,00:11:15,0.00,0.0
676,00:11:16,0.00,0.0
677,00:11:17,0.00,0.0
678,00:11:18,2.00,0.0
679,00:11:19,5.00,0.0
680,00:11:20,7.00,0.0
681,00:11:21,12.00,0.0
682,00:11:22,15.00,0.0
683,00:11:23,19.00,3.5
684,00:11:24,22.00,7.0
685,00:11:25,27.00,12.8
686,00:11:26,30.00,16.3
687,00:11:27,32.00,18.6
688,00:11:28,34.00,21.0
689,00:11:29,33.00,19.8
690,00:11:30,32.00,18.6
691,00:11:31,33.00,19.8
692,00:11:32,31.00,17.5
693,00:11:33,29.00,15.1
694,00:11:34,28.00,14.0
695,00:11:35,25.00,10.5
696,00:11:36,24.00,9.3
697,00:11:37,22.00,7.0
698,00:11:38,19.00,3.5
699,00:11:39,16.00,0.0
700,00:11:40,16.00,0.0
701,00:11:41,15.00,0.0
702,00:11:42,16.00,0.0
703,00:11:43,17.00,1.2
704,00:11:44,18.00,2.3
705,00:11:45,19.00,3.5
706,00:11:46,20.00,4.7
707,00:11:47,21.00,5.8
708,00:11:48,22.00,7.0
709,00:11:49,23.00,8.2
710,00:11:50,23.00,8.2
711,00:11:51,23.00,8.2
712,00:11:52,22.00,7.0
713,00:11:53,19.00,3.5
714,00:11:54,15.00,0.0
715,00:11:55,12.00,0.0
716,00:11:56,8.00,0.0
717,00:11:57,4.00,0.0
718,00:11:58,0.00,0.0
719,00:11:59,0.00,0.0
720,00:12:00,0.00,0.0
721,00:12:01,0.00,0.0
722,00:12:02,0.00,0.0
723,00:12:03,0.00,0.0
724,00:12:04,0.00,0.0
725,00:12:05,0.00,0.0
726,00:12:06,0.00,0.0
727,00:12:07,0.00,0.0
728,00:12:08,0.00,0.0
729,00:12:09,0.00,0.0
730,00:12:10,0.00,0.0
731,00:12:11,0.00,0.0
732,00:12:12,0.00,0.0
733,00:12:13,0.00,0.0
734,00:12:14,0.00,0.0
735,00:12:15,0.00,0.0
736,00:12:16,0.00,0.0
737,00:12:17,0.00,0.0
738,00:12:18,0.00,0.0
739,00:12:19,0.00,0.0
740,00:12:20,0.00,0.0
741,00:12:21,0.00,0.0
742,00:12:22,0.00,0.0
743,00:12:23,0.00,0.0
744,00:12:24,0.00,0.0
745,00:12:25,0.00,0.0
746,00:12:26,0.00,0.0
747,00:12:27,0.00,0.0
748,00:12:28,0.00,0.0
749,00:12:29,0.00,0.0
750,00:12:30,0.00,0.0
751,00:12:31,0.00,0.0
752,00:12:32,0.00,0.0
753,00:12:33,0.00,0.0
754,00:12:34,0.00,0.0
755,00:12:35,0.00,0.0
756,00:12:36,0.00,0.0
757,00:12:37,0.00,0.0
758,00:12:38,0.00,0.0
759,00:12:39,0.00,0.0
760,00:12:40,0.00,0.0
761,00:12:41,0.00,0.0
762,00:12:42,0.00,0.0
763,00:12:43,0.00,0.0
764,00:12:44,0.00,0.0
765,00:12:45,0.00,0.0
766,00:12:46,0.00,0.0
767,00:12:47,0.00,0.0
768,00:12:48,0.00,0.0
769,00:12:49,0.00,0.0
770,00:12:50,0.00,0.0
771,00:12:51,0.00,0.0
772,00:12:52,0.00,0.0
773,00:12:53,0.00,0.0
774,00:12:54,0.00,0.0
775,00:12:55,0.00,0.0
776,00:12:56,0.00,0.0
777,00:12:57,0.00,0.0
778,00:12:58,0.00,0.0
779,00:12:59,0.00,0.0
780,00:13:00,0.00,0.0
781,00:13:01,0.00,0.0
782,00:13:02,0.00,0.0
783,00:13:03,0.00,0.0
784,00:13:04,1.00,0.0
785,00:13:05,1.00,0.0
786,00:13:06,3.00,0.0
787,00:13:07,4.00,0.0
788,00:13:08,6.00,0.0
789,00:13:09,8.00,0.0
790,00:13:10,10.00,0.0
791,00:13:11,11.00,0.0
792,00:13:12,12.00,0.0
793,00:13:13,14.00,0.0
794,00:13:14,16.00,0.0
795,00:13:15,18.00,2.3
796,00:13:16,20.00,4.7
797,00:13:17,20.00,4.7
798,00:13:18,20.00,4.7
799,00:13:19,19.00,3.5
800,00:13:20,18.00,2.3
801,00:13:21,18.00,2.3
802,00:13:22,17.00,1.2
803,00:13:23,16.00,0.0
804,00:13:24,15.00,0.0
805,00:13:25,14.00,0.0
806,00:13:26,14.00,0.0
807,00:13:27,13.00,0.0
808,00:13:28,12.00,0.0
809,00:13:29,12.00,0.0
810,00:13:30,10.00,0.0
811,00:13:31,3.00,0.0
812,00:13:32,3.00,0.0
813,00:13:33,2.00,0.0
814,00:13:34,2.00,0.0
815,00:13:35,1.00,0.0
816,00:13:36,0.00,0.0
817,00:13:37,0.00,0.0
818,00:13:38,0.00,0.0
819,00:13:39,0.00,0.0
820,00:13:40,0.00,0.0
821,00:13:41,0.00,0.0
822,00:13:42,0.00,0.0
823,00:13:43,0.00,0.0
824,00:13:44,0.00,0.0
825,00:13:45,0.00,0.0
826,00:13:46,0.00,0.0
827,00:13:47,0.00,0.0
828,00:13:48,0.00,0.0
829,00:13:49,0.00,0.0
830,00:13:50,0.00,0.0
831,00:13:51,0.00,0.0
832,00:13:52,0.00,0.0
833,00:13:53,0.00,0.0
834,00:13:54,0.00,0.0
835,00:13:55,0.00,0.0
836,00:13:56,0.00,0.0
837,00:13:57,0.00,0.0
838,00:13:58,0.00,0.0
839,00:13:59,0.00,0.0
840,00:14:00,0.00,0.0
841,00:14:01,0.00,0.0
842,00:14:02,0.00,0.0
843,00:14:03,2.00,0.0
844,00:14:04,21.00,5.8
845,00:14:05,43.00,31.4
846,00:14:06,53.00,43.1
847,00:14:07,57.00,47.7
848,00:14:08,61.00,52.4
849,00:14:09,64.00,55.9
850,00:14:10,67.00,59.4
851,00:14:11,70.00,62.9
852,00:14:12,72.00,65.2
853,00:14:13,74.00,67.5
854,00:14:14,74.00,67.5
855,00:14:15,73.00,66.4
856,00:14:16,70.00,62.9
857,00:14:17,66.00,58.2
858,00:14:18,67.00,59.4
859,00:14:19,66.00,58.2
860,00:14:20,62.00,53.6
861,00:14:21,54.00,44.2
862,00:14:22,45.00,33.8
863,00:14:23,37.00,24.5
864,00:14:24,28.00,14.0
865,00:14:25,23.00,8.2
866,00:14:26,20.00,4.7
867,00:14:27,21.00,5.8
868,00:14:28,22.00,7.0
869,00:14:29,24.00,9.3
870,00:14:30,27.00,12.8
871,00:14:31,31.00,17.5
872,00:14:32,36.00,23.3
873,00:14:33,42.00,30.3
874,00:14:34,44.00,32.6
875,00:14:35,45.00,33.8
876,00:14:36,45.00,33.8
877,00:14:37,44.00,32.6
878,00:14:38,43.00,31.4
879,00:14:39,43.00,31.4
880,00:14:40,43.00,31.4
881,00:14:41,40.00,27.9
882,00:14:42,38.00,25.6
883,00:14:43,34.00,21.0
884,00:14:44,31.00,17.5
885,00:14:45,31.00,17.5
886,00:14:46,32.00,18.6
887,00:14:47,32.00,18.6
888,00:14:48,32.00,18.6
889,00:14:49,31.00,17.5
890,00:14:50,29.00,15.1
891,00:14:51,26.00,11.6
892,00:14:52,23.00,8.2
893,00:14:53,22.00,7.0
894,00:14:54,21.00,5.8
895,00:14:55,20.00,4.7
896,00:14:56,19.00,3.5
897,00:14:57,18.00,2.3
898,00:14:58,17.00,1.2
899,00:14:59,16.00,0.0
900,00:15:00,14.00,0.0
901,00:15:01,14.00,0.0
902,00:15:02,13.00,0.0
903,00:15:03,13.00,0.0
904,00:15:04,13.00,0.0
905,00:15:05,13.00,0.0
906,00:15:06,14.00,0.0
907,00:15:07,15.00,0.0
908,00:15:08,16.00,0.0
909,00:15:09,17.00,1.2
910,00:15:10,18.00,2.3
911,00:15:11,20.00,4.7
912,00:15:12,22.00,7.0
913,00:15:13,24.00,9.3
914,00:15:14,26.00,11.6
915,00:15:15,28.00,14.0
916,00:15:16,30.00,16.3
917,00:15:17,33.00,19.8
918,00:15:18,36.00,23.3
919,00:15:19,40.00,27.9
920,00:15:20,43.00,31.4
921,00:15:21,42.00,30.3
922,00:15:22,41.00,29.1
923,00:15:23,39.00,26.8
924,00:15:24,38.00,25.6
925,00:15:25,38.00,25.6
926,00:15:26,38.00,25.6
927,00:15:27,40.00,27.9
928,00:15:28,42.00,30.3
929,00:15:29,42.00,30.3
930,00:15:30,44.00,32.6
931,00:15:31,47.00,36.1
932,00:15:32,50.00,39.6
933,00:15:33,53.00,43.1
934,00:15:34,56.00,46.6
935,00:15:35,60.00,51.2
936,00:15:36,66.00,58.2
937,00:15:37,69.00,61.7
938,00:15:38,71.00,64.0
939,00:15:39,74.00,67.5
940,00:15:40,70.00,62.9
941,00:15:41,62.00,53.6
942,00:15:42,54.00,44.2
943,00:15:43,46.00,34.9
944,00:15:44,40.00,27.9
945,00:15:45,35.00,22.1
946,00:15:46,30.00,16.3
947,00:15:47,25.00,10.5
948,00:15:48,20.00,4.7
949,00:15:49,15.00,0.0
950,00:15:50,10.00,0.0
951,00:15:51,6.00,0.0
952,00:15:52,2.00,0.0
953,00:15:53,0.00,0.0
954,00:15:54,0.00,0.0
955,00:15:55,0.00,0.0
956,00:15:56,0.00,0.0
957,00:15:57,0.00,0.0
958,00:15:58,0.00,0.0
959,00:15:59,0.00,0.0
960,00:16:00,0.00,0.0
961,00:16:01,0.00,0.0
962,00:16:02,0.00,0.0
963,00:16:03,0.00,0.0
964,00:16:04,0.00,0.0
965,00:16:05,0.00,0.0
966,00:16:06,0.00,0.0
967,00:16:07,0.00,0.0
968,00:16:08,0.00,0.0
969,00:16:09,0.00,0.0
970,00:16:10,0.00,0.0
971,00:16:11,0.00,0.0
972,00:16:12,0.00,0.0
973,00:16:13,0.00,0.0
974,00:16:14,0.00,0.0
975,00:16:15,0.00,0.0
976,00:16:16,0.00,0.0
977,00:16:17,0.00,0.0
978,00:16:18,0.00,0.0
979,00:16:19,0.00,0.0
980,00:16:20,0.00,0.0
981,00:16:21,0.00,0.0
982,00:16:22,0.00,0.0
983,00:16:23,0.00,0.0
984,00:16:24,0.00,0.0
985,00:16:25,0.00,0.0
986,00:16:26,0.00,0.0
987,00:16:27,0.00,0.0
988,00:16:28,0.00,0.0
989,00:16:29,0.00,0.0
990,00:16:30,0.00,0.0
991,00:16:31,0.00,0.0
992,00:16:32,0.00,0.0
993,00:16:33,0.00,0.0
994,00:16:34,0.00,0.0
995,00:16:35,0.00,0.0
996,00:16:36,0.00,0.0
997,00:16:37,0.00,0.0
998,00:16:38,0.00,0.0
999,00:16:39,0.00,0.0
1000,00:16:40,0.00,0.0
1001,00:16:41,0.00,0.0
1002,00:16:42,0.00,0.0
1003,00:16:43,0.00,0.0
1004,00:16:44,0.00,0.0
1005,00:16:45,0.00,0.0
1006,00:16:46,0.00,0.0
1007,00:16:47,0.00,0.0
1008,00:16:48,0.00,0.0
1009,00:16:49,0.00,0.0
1010,00:16:50,0.00,0.0
1011,00:16:51,0.00,0.0
1012,00:16:52,0.00,0.0
1013,00:16:53,0.00,0.0
1014,00:16:54,0.00,0.0
1015,00:16:55,0.00,0.0
1016,00:16:56,0.00,0.0
1017,00:16:57,0.00,0.0
1018,00:16:58,0.00,0.0
1019,00:16:59,2.00,0.0
1020,00:17:00,7.00,0.0
1021,00:17:01,18.00,2.3
1022,00:17:02,31.00,17.5
1023,00:17:03,37.00,24.5
1024,00:17:04,40.00,27.9
1025,00:17:05,41.00,29.1
1026,00:17:06,42.00,30.3
1027,00:17:07,44.00,32.6
1028,00:17:08,45.00,33.8
1029,00:17:09,44.00,32.6
1030,00:17:10,42.00,30.3
1031,00:17:11,40.00,27.9
1032,00:17:12,35.00,22.1
1033,00:17:13,28.00,14.0
1034,00:17:14,18.00,2.3
1035,00:17:15,11.00,0.0
1036,00:17:16,6.00,0.0
1037,00:17:17,3.00,0.0
1038,00:17:18,1.00,0.0
1039,00:17:19,0.00,0.0
1040,00:17:20,0.00,0.0
1041,00:17:21,1.00,0.0
1042,00:17:22,1.00,0.0
1043,00:17:23,2.00,0.0
1044,00:17:24,4.00,0.0
1045,00:17:25,5.00,0.0
1046,00:17:26,6.00,0.0
1047,00:17:27,8.00,0.0
1048,00:17:28,9.00,0.0
1049,00:17:29,11.00,0.0
1050,00:17:30,13.00,0.0
1051,00:17:31,15.00,0.0
1052,00:17:32,17.00,1.2
1053,00:17:33,19.00,3.5
1054,00:17:34,21.00,5.8
1055,00:17:35,23.00,8.2
1056,00:17:36,24.00,9.3
1057,00:17:37,25.00,10.5
1058,00:17:38,26.00,11.6
1059,00:17:39,27.00,12.8
1060,00:17:40,27.00,12.8
1061,00:17:41,27.00,12.8
1062,00:17:42,27.00,12.8
1063,00:17:43,27.00,12.8
1064,00:17:44,26.00,11.6
1065,00:17:45,25.00,10.5
1066,00:17:46,25.00,10.5
1067,00:17:47,24.00,9.3
1068,00:17:48,22.00,7.0
1069,00:17:49,21.00,5.8
1070,00:17:50,19.00,3.5
1071,00:17:51,17.00,1.2
1072,00:17:52,16.00,0.0
1073,00:17:53,16.00,0.0
1074,00:17:54,15.00,0.0
1075,00:17:55,15.00,0.0
1076,00:17:56,14.00,0.0
1077,00:17:57,14.00,0.0
1078,00:17:58,14.00,0.0
1079,00:17:59,14.00,0.0
1080,00:18:00,15.00,0.0
1081,00:18:01,15.00,0.0
1082,00:18:02,13.00,0.0
1083,00:18:03,11.00,0.0
1084,00:18:04,11.00,0.0
1085,00:18:05,12.00,0.0
1086,00:18:06,13.00,0.0
1087,00:18:07,14.00,0.0
1088,00:18:08,16.00,0.0
1089,00:18:09,17.00,1.2
1090,00:18:10,19.00,3.5
1091,00:18:11,21.00,5.8
1092,00:18:12,23.00,8.2
1093,00:18:13,24.00,9.3
1094,00:18:14,25.00,10.5
1095,00:18:15,25.00,10.5
1096,00:18:16,25.00,10.5
1097,00:18:17,24.00,9.3
1098,00:18:18,24.00,9.3
1099,00:18:19,24.00,9.3
1100,00:18:20,24.00,9.3
1101,00:18:21,26.00,11.6
1102,00:18:22,27.00,12.8
1103,00:18:23,29.00,15.1
1104,00:18:24,30.00,16.3
1105,00:18:25,32.00,18.6
1106,00:18:26,34.00,21.0
1107,00:18:27,35.00,22.1
1108,00:18:28,37.00,24.5
1109,00:18:29,39.00,26.8
1110,00:18:30,41.00,29.1
1111,00:18:31,43.00,31.4
1112,00:18:32,45.00,33.8
1113,00:18:33,46.00,34.9
1114,00:18:34,47.00,36.1
1115,00:18:35,48.00,37.3
1116,00:18:36,48.00,37.3
1117,00:18:37,49.00,38.4
1118,00:18:38,49.00,38.4
1119,00:18:39,49.00,38.4
1120,00:18:40,48.00,37.3
1121,00:18:41,48.00,37.3
1122,00:18:42,48.00,37.3
1123,00:18:43,48.00,37.3
1124,00:18:44,48.00,37.3
1125,00:18:45,48.00,37.3
1126,00:18:46,47.00,36.1
1127,00:18:47,45.00,33.8
1128,00:18:48,45.00,33.8
1129,00:18:49,45.00,33.8
1130,00:18:50,46.00,34.9
1131,00:18:51,46.00,34.9
1132,00:18:52,45.00,33.8
1133,00:18:53,43.00,31.4
1134,00:18:54,40.00,27.9
1135,00:18:55,35.00,22.1
1136,00:18:56,29.00,15.1
1137,00:18:57,24.00,9.3
1138,00:18:58,21.00,5.8
1139,00:18:59,16.00,0.0
1140,00:19:00,11.00,0.0
1141,00:19:01,4.00,0.0
1142,00:19:02,0.00,0.0
1143,00:19:03,0.00,0.0
1144,00:19:04,0.00,0.0
1145,00:19:05,0.00,0.0
1146,00:19:06,0.00,0.0
1147,00:19:07,0.00,0.0
1148,00:19:08,0.00,0.0
1149,00:19:09,0.00,0.0
1150,00:19:10,0.00,0.0
1151,00:19:11,0.00,0.0
1152,00:19:12,0.00,0.0
1153,00:19:13,0.00,0.0
1154,00:19:14,0.00,0.0
1155,00:19:15,0.00,0.0
1156,00:19:16,0.00,0.0
1157,00:19:17,0.00,0.0
1158,00:19:18,0.00,0.0
1159,00:19:19,0.00,0.0
1160,00:19:20,0.00,0.0
1161,00:19:21,0.00,0.0
1162,00:19:22,0.00,0.0
1163,00:19:23,0.00,0.0
1164,00:19:24,0.00,0.0
1165,00:19:25,0.00,0.0
1166,00:19:26,0.00,0.0
1167,00:19:27,4.00,0.0
1168,00:19:28,9.00,0.0
1169,00:19:29,10.00,0.0
1170,00:19:30,3.00,0.0
1171,00:19:31,0.00,0.0
1172,00:19:32,0.00,0.0
1173,00:19:33,0.00,0.0
1174,00:19:34,0.00,0.0
1175,00:19:35,0.00,0.0
1176,00:19:36,0.00,0.0
1177,00:19:37,0.00,0.0
1178,00:19:38,0.00,0.0
1179,00:19:39,0.00,0.0
1180,00:19:40,0.00,0.0
1181,00:19:41,0.00,0.0
1182,00:19:42,0.00,0.0
1183,00:19:43,0.00,0.0
1184,00:19:44,0.00,0.0
1185,00:19:45,0.00,0.0
1186,00:19:46,0.00,0.0
1187,00:19:47,0.00,0.0
1188,00:19:48,0.00,0.0
1189,00:19:49,0.00,0.0
1190,00:19:50,0.00,0.0
1191,00:19:51,0.00,0.0
1192,00:19:52,0.00,0.0
1193,00:19:53,0.00,0.0
1194,00:19:54,0.00,0.0
1195,00:19:55,0.00,0.0
1196,00:19:56,0.00,0.0
1197,00:19:57,0.00,0.0
1198,00:19:58,0.00,0.0
1199,00:19:59,0.00,0.0
1200,00:20:00,0.00,0.0
1201,00:20:01,0.00,0.0
1202,00:20:02,0.00,0.0
1203,00:20:03,0.00,0.0
1204,00:20:04,0.00,0.0
1205,00:20:05,0.00,0.0
1206,00:20:06,0.00,0.0
1207,00:20:07,0.00,0.0
1208,00:20:08,0.00,0.0
1209,00:20:09,0.00,0.0
1210,00:20:10,0.00,0.0
1211,00:20:11,0.00,0.0
1212,00:20:12,0.00,0.0
1213,00:20:13,0.00,0.0
1214,00:20:14,0.00,0.0
1215,00:20:15,0.00,0.0
1216,00:20:16,0.00,0.0
1217,00:20:17,0.00,0.0
1218,00:20:18,0.00,0.0
1219,00:20:19,0.00,0.0
1220,00:20:20,0.00,0.0
1221,00:20:21,0.00,0.0
1222,00:20:22,0.00,0.0
1223,00:20:23,0.00,0.0
1224,00:20:24,0.00,0.0
1225,00:20:25,0.00,0.0
1226,00:20:26,0.00,0.0
1227,00:20:27,0.00,0.0
1228,00:20:28,0.00,0.0
1229,00:20:29,0.00,0.0
1230,00:20:30,0.00,0.0
1231,00:20:31,0.00,0.0
1232,00:20:32,0.00,0.0
1233,00:20:33,0.00,0.0
1234,00:20:34,0.00,0.0
1235,00:20:35,0.00,0.0
1236,00:20:36,0.00,0.0
1237,00:20:37,0.00,0.0
1238,00:20:38,0.00,0.0
1239,00:20:39,3.00,0.0
1240,00:20:40,2.00,0.0
1241,00:20:41,0.00,0.0
1242,00:20:42,6.00,0.0
1243,00:20:43,10.00,0.0
1244,00:20:44,5.00,0.0
1245,00:20:45,6.00,0.0
1246,00:20:46,11.00,0.0
1247,00:20:47,16.00,0.0
1248,00:20:48,19.00,3.5
1249,00:20:49,23.00,8.2
1250,00:20:50,25.00,10.5
1251,00:20:51,25.00,10.5
1252,00:20:52,25.00,10.5
1253,00:20:53,24.00,9.3
1254,00:20:54,23.00,8.2
1255,00:20:55,23.00,8.2
1256,00:20:56,24.00,9.3
1257,00:20:57,25.00,10.5
1258,00:20:58,26.00,11.6
1259,00:20:59,26.00,11.6
1260,00:21:00,27.00,12.8
1261,00:21:01,29.00,15.1
1262,00:21:02,30.00,16.3
1263,00:21:03,31.00,17.5
1264,00:21:04,32.00,18.6
1265,00:21:05,32.00,18.6
1266,00:21:06,33.00,19.8
1267,00:21:07,33.00,19.8
1268,00:21:08,33.00,19.8
1269,00:21:09,32.00,18.6
1270,00:21:10,31.00,17.5
1271,00:21:11,31.00,17.5
1272,00:21:12,31.00,17.5
1273,00:21:13,32.00,18.6
1274,00:21:14,33.00,19.8
1275,00:21:15,34.00,21.0
1276,00:21:16,35.00,22.1
1277,00:21:17,36.00,23.3
1278,00:21:18,37.00,24.5
1279,00:21:19,39.00,26.8
1280,00:21:20,40.00,27.9
1281,00:21:21,41.00,29.1
1282,00:21:22,42.00,30.3
1283,00:21:23,44.00,32.6
1284,00:21:24,46.00,34.9
1285,00:21:25,50.00,39.6
1286,00:21:26,53.00,43.1
1287,00:21:27,59.00,50.1
1288,00:21:28,67.00,59.4
1289,00:21:29,70.00,62.9
1290,00:21:30,74.00,67.5
1291,00:21:31,77.00,71.0
1292,00:21:32,78.00,72.2
1293,00:21:33,75.00,68.7
1294,00:21:34,75.00,68.7
1295,00:21:35,74.00,67.5
1296,00:21:36,75.00,68.7
1297,00:21:37,75.00,68.7
1298,00:21:38,74.00,67.5
1299,00:21:39,73.00,66.4
1300,00:21:40,72.00,65.2
1301,00:21:41,73.00,66.4
1302,00:21:42,73.00,66.4
1303,00:21:43,73.00,66.4
1304,00:21:44,73.00,66.4
1305,00:21:45,75.00,68.7
1306,00:21:46,79.00,73.4
1307,00:21:47,81.00,75.7
1308,00:21:48,78.00,72.2
1309,00:21:49,75.00,68.7
1310,00:21:50,72.00,65.2
1311,00:21:51,71.00,64.0
1312,00:21:52,72.00,65.2
1313,00:21:53,73.00,66.4
1314,00:21:54,74.00,67.5
1315,00:21:55,74.00,67.5
1316,00:21:56,74.00,67.5
1317,00:21:57,73.00,66.4
1318,00:21:58,72.00,65.2
1319,00:21:59,71.00,64.0
1320,00:22:00,69.00,61.7
1321,00:22:01,67.00,59.4
1322,00:22:02,65.00,57.1
1323,00:22:03,62.00,53.6
1324,00:22:04,59.00,50.1
1325,00:22:05,54.00,44.2
1326,00:22:06,49.00,38.4
1327,00:22:07,40.00,27.9
1328,00:22:08,30.00,16.3
1329,00:22:09,20.00,4.7
1330,00:22:10,12.00,0.0
1331,00:22:11,7.00,0.0
1332,00:22:12,3.00,0.0
1333,00:22:13,0.00,0.0
1334,00:22:14,0.00,0.0
1335,00:22:15,0.00,0.0
1336,00:22:16,0.00,0.0
1337,00:22:17,0.00,0.0
1338,00:22:18,0.00,0.0
1339,00:22:19,0.00,0.0
1340,00:22:20,0.00,0.0
1341,00:22:21,0.00,0.0
1342,00:22:22,0.00,0.0
1343,00:22:23,0.00,0.0
1344,00:22:24,0.00,0.0
1345,00:22:25,0.00,0.0
1346,00:22:26,0.00,0.0
1347,00:22:27,0.00,0.0
1348,00:22:28,0.00,0.0
1349,00:22:29,0.00,0.0
1350,00:22:30,0.00,0.0
1351,00:22:31,0.00,0.0
1352,00:22:32,0.00,0.0
1353,00:22:33,0.00,0.0
1354,00:22:34,0.00,0.0
1355,00:22:35,0.00,0.0
1356,00:22:36,0.00,0.0
1357,00:22:37,0.00,0.0
1358,00:22:38,0.00,0.0
1359,00:22:39,0.00,0.0
1360,00:22:40,0.00,0.0
1361,00:22:41,0.00,0.0
1362,00:22:42,0.00,0.0
1363,00:22:43,0.00,0.0
1364,00:22:44,0.00,0.0
1365,00:22:45,0.00,0.0
1366,00:22:46,0.00,0.0
1367,00:22:47,0.00,0.0
1368,00:22:48,0.00,0.0
1369,00:22:49,0.00,0.0
1370,00:22:50,0.00,0.0
1371,00:22:51,0.00,0.0
1372,00:22:52,0.00,0.0
1373,00:22:53,0.00,0.0
1374,00:22:54,0.00,0.0
1375,00:22:55,0.00,0.0
1376,00:22:56,11.00,0.0
1377,00:22:57,25.00,10.5
1378,00:22:58,41.00,29.1
1379,00:22:59,54.00,44.2
1380,00:23:00,60.00,51.2
1381,00:23:01,65.00,57.1
1382,00:23:02,70.00,62.9
1383,00:23:03,75.00,68.7
1384,00:23:04,79.00,73.4
1385,00:23:05,84.00,79.2
1386,00:23:06,88.00,83.8
1387,00:23:07,91.00,87.3
1388,00:23:08,94.00,90.8
1389,00:23:09,97.00,94.3
1390,00:23:10,99.00,96.6
1391,00:23:11,100.00,97.8
1392,00:23:12,101.00,99.0
1393,00:23:13,102.00,100.1
1394,00:23:14,105.00,103.6
1395,00:23:15,109.00,108.3
1396,00:23:16,115.00,115.3
1397,00:23:17,122.00,123.4
1398,00:23:18,127.00,129.2
1399,00:23:19,130.00,132.7
1400,00:23:20,129.00,131.6
1401,00:23:21,125.00,126.9
1402,00:23:22,118.00,118.8
1403,00:23:23,109.00,108.3
1404,00:23:24,96.00,93.2
1405,00:23:25,73.00,66.4
1406,00:23:26,56.00,46.6
1407,00:23:27,47.00,36.1
1408,00:23:28,37.00,24.5
1409,00:23:29,29.00,15.1
1410,00:23:30,23.00,8.2
1411,00:23:31,19.00,3.5
1412,00:23:32,15.00,0.0
1413,00:23:33,10.00,0.0
1414,00:23:34,7.00,0.0
1415,00:23:35,4.00,0.0
1416,00:23:36,2.00,0.0
1417,00:23:37,0.00,0.0
1418,00:23:38,0.00,0.0
1419,00:23:39,0.00,0.0
1420,00:23:40,0.00,0.0
1421,00:23:41,0.00,0.0
1422,00:23:42,0.00,0.0
1423,00:23:43,0.00,0.0
1424,00:23:44,0.00,0.0
1425,00:23:45,0.00,0.0
1426,00:23:46,0.00,0.0
1427,00:23:47,0.00,0.0
1428,00:23:48,0.00,0.0
1429,00:23:49,0.00,0.0
1430,00:23:50,0.00,0.0
1431,00:23:51,0.00,0.0
1432,00:23:52,0.00,0.0
1433,00:23:53,0.00,0.0
1434,00:23:54,0.00,0.0
1435,00:23:55,0.00,0.0
1436,00:23:56,0.00,0.0
1437,00:23:57,0.00,0.0
1438,00:23:58,0.00,0.0
1439,00:23:59,0.00,0.0
1440,00:24:00,0.00,0.0
1441,00:24:01,0.00,0.0
1442,00:24:02,0.00,0.0
1443,00:24:03,0.00,0.0
1444,00:24:04,0.00,0.0
1445,00:24:05,0.00,0.0
1446,00:24:06,0.00,0.0
1447,00:24:07,0.00,0.0
1448,00:24:08,0.00,0.0
1449,00:24:09,0.00,0.0
1450,00:24:10,0.00,0.0
1451,00:24:11,0.00,0.0
1452,00:24:12,0.00,0.0
1453,00:24:13,0.00,0.0
1454,00:24:14,0.00,0.0
1455,00:24:15,0.00,0.0
1456,00:24:16,0.00,0.0
1457,00:24:17,0.00,0.0
1458,00:24:18,0.00,0.0
1459,00:24:19,0.00,0.0
1460,00:24:20,0.00,0.0
1461,00:24:21,0.00,0.0
1462,00:24:22,0.00,0.0
1463,00:24:23,0.00,0.0
1464,00:24:24,0.00,0.0
1465,00:24:25,0.00,0.0
1466,00:24:26,0.00,0.0
1467,00:24:27,0.00,0.0
1468,00:24:28,0.00,0.0
1469,00:24:29,0.00,0.0
1470,00:24:30,0.00,0.0
1471,00:24:31,0.00,0.0
1472,00:24:32,0.00,0.0
1473,00:24:33,0.00,0.0
1474,00:24:34,0.00,0.0
1475,00:24:35,2.00,0.0
1476,00:24:36,3.00,0.0
1477,00:24:37,4.00,0.0
1478,00:24:38,6.00,0.0
1479,00:24:39,6.00,0.0
1480,00:24:40,7.00,0.0
1481,00:24:41,8.00,0.0
1482,00:24:42,9.00,0.0
1483,00:24:43,9.00,0.0
1484,00:24:44,10.00,0.0
1485,00:24:45,10.00,0.0
1486,00:24:46,11.00,0.0
1487,00:24:47,12.00,0.0
1488,00:24:48,12.00,0.0
1489,00:24:49,13.00,0.0
1490,00:24:50,13.00,0.0
1491,00:24:51,14.00,0.0
1492,00:24:52,14.00,0.0
1493,00:24:53,14.00,0.0
1494,00:24:54,14.00,0.0
1495,00:24:55,15.00,0.0
1496,00:24:56,15.00,0.0
1497,00:24:57,15.00,0.0
1498,00:24:58,15.00,0.0
1499,00:24:59,15.00,0.0
1500,00:25:00,16.00,0.0
1501,00:25:01,16.00,0.0
1502,00:25:02,17.00,1.2
1503,00:25:03,18.00,2.3
1504,00:25:04,19.00,3.5
1505,00:25:05,20.00,4.7
1506,00:25:06,21.00,5.8
1507,00:25:07,22.00,7.0
1508,00:25:08,23.00,8.2
1509,00:25:09,26.00,11.6
1510,00:25:10,29.00,15.1
1511,00:25:11,33.00,19.8
1512,00:25:12,36.00,23.3
1513,00:25:13,41.00,29.1
1514,00:25:14,45.00,33.8
1515,00:25:15,50.00,39.6
1516,00:25:16,54.00,44.2
1517,00:25:17,56.00,46.6
1518,00:25:18,57.00,47.7
1519,00:25:19,60.00,51.2
1520,00:25:20,62.00,53.6
1521,00:25:21,66.00,58.2
1522,00:25:22,69.00,61.7
1523,00:25:23,73.00,66.4
1524,00:25:24,75.00,68.7
1525,00:25:25,78.00,72.2
1526,00:25:26,72.00,65.2
1527,00:25:27,67.00,59.4
1528,00:25:28,63.00,54.7
1529,00:25:29,64.00,55.9
1530,00:25:30,70.00,62.9
1531,00:25:31,74.00,67.5
1532,00:25:32,75.00,68.7
1533,00:25:33,70.00,62.9
1534,00:25:34,55.00,45.4
1535,00:25:35,46.00,34.9
1536,00:25:36,38.00,25.6
1537,00:25:37,32.00,18.6
1538,00:25:38,27.00,12.8
1539,00:25:39,23.00,8.2
1540,00:25:40,20.00,4.7
1541,00:25:41,16.00,0.0
1542,00:25:42,14.00,0.0
1543,00:25:43,12.00,0.0
1544,00:25:44,12.00,0.0
1545,00:25:45,13.00,0.0
1546,00:25:46,14.00,0.0
1547,00:25:47,14.00,0.0
1548,00:25:48,12.00,0.0
1549,00:25:49,12.00,0.0
1550,00:25:50,12.00,0.0
1551,00:25:51,12.00,0.0
1552,00:25:52,14.00,0.0
1553,00:25:53,17.00,1.2
1554,00:25:54,20.00,4.7
1555,00:25:55,23.00,8.2
1556,00:25:56,27.00,12.8
1557,00:25:57,31.00,17.5
1558,00:25:58,34.00,21.0
1559,00:25:59,36.00,23.3
1560,00:26:00,39.00,26.8
1561,00:26:01,42.00,30.3
1562,00:26:02,45.00,33.8
1563,00:26:03,48.00,37.3
1564,00:26:04,49.00,38.4
1565,00:26:05,52.00,41.9
1566,00:26:06,57.00,47.7
1567,00:26:07,69.00,61.7
1568,00:26:08,75.00,68.7
1569,00:26:09,74.00,67.5
1570,00:26:10,68.00,60.5
1571,00:26:11,52.00,41.9
1572,00:26:12,40.00,27.9
1573,00:26:13,34.00,21.0
1574,00:26:14,38.00,25.6
1575,00:26:15,45.00,33.8
1576,00:26:16,49.00,38.4
1577,00:26:17,51.00,40.8
1578,00:26:18,55.00,45.4
1579,00:26:19,58.00,48.9
1580,00:26:20,61.00,52.4
1581,00:26:21,64.00,55.9
1582,00:26:22,65.00,57.1
1583,00:26:23,61.00,52.4
1584,00:26:24,58.00,48.9
1585,00:26:25,54.00,44.2
1586,00:26:26,52.00,41.9
1587,00:26:27,52.00,41.9
1588,00:26:28,50.00,39.6
1589,00:26:29,49.00,38.4
1590,00:26:30,47.00,36.1
1591,00:26:31,48.00,37.3
1592,00:26:32,48.00,37.3
1593,00:26:33,46.00,34.9
1594,00:26:34,46.00,34.9
1595,00:26:35,47.00,36.1
1596,00:26:36,48.00,37.3
1597,00:26:37,45.00,33.8
1598,00:26:38,37.00,24.5
1599,00:26:39,29.00,15.1
1600,00:26:40,24.00,9.3
1601,00:26:41,22.00,7.0
1602,00:26:42,21.00,5.8
1603,00:26:43,18.00,2.3
1604,00:26:44,14.00,0.0
1605,00:26:45,13.00,0.0
1606,00:26:46,15.00,0.0
1607,00:26:47,12.00,0.0
1608,00:26:48,14.00,0.0
1609,00:26:49,0.00,0.0
1610,00:26:50,0.00,0.0
1611,00:26:51,0.00,0.0
1612,00:26:52,0.00,0.0
1613,00:26:53,0.00,0.0
1614,00:26:54,0.00,0.0
1615,00:26:55,0.00,0.0
1616,00:26:56,0.00,0.0
1617,00:26:57,0.00,0.0
1618,00:26:58,0.00,0.0
1619,00:26:59,3.00,0.0
1620,00:27:00,7.00,0.0
1621,00:27:01,14.00,0.0
1622,00:27:02,18.00,2.3
1623,00:27:03,17.00,1.2
1624,00:27:04,16.00,0.0
1625,00:27:05,18.00,2.3
1626,00:27:06,22.00,7.0
1627,00:27:07,28.00,14.0
1628,00:27:08,35.00,22.1
1629,00:27:09,41.00,29.1
1630,00:27:10,46.00,34.9
1631,00:27:11,49.00,38.4
1632,00:27:12,51.00,40.8
1633,00:27:13,54.00,44.2
1634,00:27:14,54.00,44.2
1635,00:27:15,46.00,34.9
1636,00:27:16,43.00,31.4
1637,00:27:17,42.00,30.3
1638,00:27:18,42.00,30.3
1639,00:27:19,45.00,33.8
1640,00:27:20,51.00,40.8
1641,00:27:21,57.00,47.7
1642,00:27:22,60.00,51.2
1643,00:27:23,59.00,50.1
1644,00:27:24,59.00,50.1
1645,00:27:25,61.00,52.4
1646,00:27:26,63.00,54.7
1647,00:27:27,67.00,59.4
1648,00:27:28,71.00,64.0
1649,00:27:29,68.00,60.5
1650,00:27:30,61.00,52.4
1651,00:27:31,53.00,43.1
1652,00:27:32,52.00,41.9
1653,00:27:33,52.00,41.9
1654,00:27:34,49.00,38.4
1655,00:27:35,51.00,40.8
1656,00:27:36,55.00,45.4
1657,00:27:37,51.00,40.8
1658,00:27:38,47.00,36.1
1659,00:27:39,43.00,31.4
1660,00:27:40,46.00,34.9
1661,00:27:41,54.00,44.2
1662,00:27:42,68.00,60.5
1663,00:27:43,58.00,48.9
1664,00:27:44,42.00,30.3
1665,00:27:45,11.00,0.0
1666,00:27:46,2.00,0.0
1667,00:27:47,0.00,0.0
1668,00:27:48,0.00,0.0
1669,00:27:49,0.00,0.0
1670,00:27:50,0.00,0.0
1671,00:27:51,0.00,0.0
1672,00:27:52,0.00,0.0
1673,00:27:53,0.00,0.0
1674,00:27:54,0.00,0.0
1675,00:27:55,0.00,0.0
1676,00:27:56,0.00,0.0
1677,00:27:57,0.00,0.0
1678,00:27:58,0.00,0.0
1679,00:27:59,0.00,0.0
1680,00:28:00,0.00,0.0
1681,00:28:01,0.00,0.0
1682,00:28:02,0.00,0.0
1683,00:28:03,0.00,0.0
1684,00:28:04,0.00,0.0
1685,00:28:05,0.00,0.0
1686,00:28:06,0.00,0.0
1687,00:28:07,0.00,0.0
1688,00:28:08,0.00,0.0
1689,00:28:09,0.00,0.0
1690,00:28:10,0.00,0.0
1691,00:28:11,0.00,0.0
1692,00:28:12,0.00,0.0
1693,00:28:13,0.00,0.0
1694,00:28:14,0.00,0.0
1695,00:28:15,0.00,0.0
1696,00:28:16,0.00,0.0
1697,00:28:17,0.00,0.0
1698,00:28:18,0.00,0.0
1699,00:28:19,0.00,0.0
1700,00:28:20,0.00,0.0
1701,00:28:21,0.00,0.0
1702,00:28:22,0.00,0.0
1703,00:28:23,0.00,0.0
1704,00:28:24,0.00,0.0
1705,00:28:25,0.00,0.0
1706,00:28:26,0.00,0.0
1707,00:28:27,0.00,0.0
1708,00:28:28,0.00,0.0
1709,00:28:29,0.00,0.0
1710,00:28:30,0.00,0.0
1711,00:28:31,0.00,0.0
1712,00:28:32,0.00,0.0
1713,00:28:33,0.00,0.0
1714,00:28:34,0.00,0.0
1715,00:28:35,4.00,0.0
1716,00:28:36,8.00,0.0
1717,00:28:37,10.00,0.0
1718,00:28:38,11.00,0.0
1719,00:28:39,7.00,0.0
1720,00:28:40,0.00,0.0
1721,00:28:41,0.00,0.0
1722,00:28:42,0.00,0.0
1723,00:28:43,0.00,0.0
1724,00:28:44,0.00,0.0
1725,00:28:45,0.00,0.0
1726,00:28:46,0.00,0.0
1727,00:28:47,0.00,0.0
1728,00:28:48,0.00,0.0
1729,00:28:49,0.00,0.0
1730,00:28:50,0.00,0.0
1731,00:28:51,0.00,0.0
1732,00:28:52,1.00,0.0
1733,00:28:53,1.00,0.0
1734,00:28:54,1.00,0.0
1735,00:28:55,0.00,0.0
1736,00:28:56,0.00,0.0
1737,00:28:57,0.00,0.0
1738,00:28:58,0.00,0.0
1739,00:28:59,0.00,0.0
1740,00:29:00,0.00,0.0
1741,00:29:01,0.00,0.0
1742,00:29:02,0.00,0.0
1743,00:29:03,1.00,0.0
1744,00:29:04,1.00,0.0
1745,00:29:05,0.00,0.0
1746,00:29:06,0.00,0.0
1747,00:29:07,0.00,0.0
1748,00:29:08,0.00,0.0
1749,00:29:09,0.00,0.0
1750,00:29:10,0.00,0.0
1751,00:29:11,0.00,0.0
1752,00:29:12,0.00,0.0
1753,00:29:13,0.00,0.0
1754,00:29:14,0.00,0.0
1755,00:29:15,0.00,0.0
1756,00:29:16,0.00,0.0
1757,00:29:17,0.00,0.0
1758,00:29:18,0.00,0.0
1759,00:29:19,0.00,0.0
1760,00:29:20,0.00,0.0
1761,00:29:21,0.00,0.0
1762,00:29:22,0.00,0.0
1763,00:29:23,0.00,0.0
1764,00:29:24,0.00,0.0
1765,00:29:25,0.00,0.0
1766,00:29:26,0.00,0.0
1767,00:29:27,0.00,0.0
1768,00:29:28,0.00,0.0
1769,00:29:29,0.00,0.0
1770,00:29:30,0.00,0.0
1771,00:29:31,0.00,0.0
1772,00:29:32,0.00,0.0
1773,00:29:33,0.00,0.0
1774,00:29:34,3.00,0.0
1775,00:29:35,5.00,0.0
1776,00:29:36,7.00,0.0
1777,00:29:37,10.00,0.0
1778,00:29:38,11.00,0.0
1779,00:29:39,13.00,0.0
1780,00:29:40,13.00,0.0
1781,00:29:41,14.00,0.0
1782,00:29:42,13.00,0.0
1783,00:29:43,12.00,0.0
1784,00:29:44,11.00,0.0
1785,00:29:45,11.00,0.0
1786,00:29:46,11.00,0.0
1787,00:29:47,11.00,0.0
1788,00:29:48,12.00,0.0
1789,00:29:49,12.00,0.0
1790,00:29:50,10.00,0.0
1791,00:29:51,7.00,0.0
1792,00:29:52,3.00,0.0
1793,00:29:53,0.00,0.0
1794,00:29:54,0.00,0.0
1795,00:29:55,0.00,0.0
1796,00:29:56,0.00,0.0
1797,00:29:57,0.00,0.0
1798,00:29:58,0.00,0.0
1799,00:29:59,0.00,0.0
1800,00:30:00,0.00,0.0
1801,00:30:01,0.00,0.0
1802,00:30:02,0.00,0.0
1803,00:30:03,0.00,0.0
1804,00:30:04,0.00,0.0
1805,00:30:05,0.00,0.0
1806,00:30:06,0.00,0.0
1807,00:30:07,0.00,0.0
1808,00:30:08,0.00,0.0
1809,00:30:09,0.00,0.0
1810,00:30:10,0.00,0.0
1811,00:30:11,0.00,0.0
1812,00:30:12,0.00,0.0
1813,00:30:13,0.00,0.0
1814,00:30:14,0.00,0.0
1815,00:30:15,0.00,0.0
1816,00:30:16,0.00,0.0
1817,00:30:17,0.00,0.0
1818,00:30:18,0.00,0.0
1819,00:30:19,0.00,0.0
1820,00:30:20,0.00,0.0
1821,00:30:21,0.00,0.0
1822,00:30:22,0.00,0.0
1823,00:30:23,0.00,0.0
1824,00:30:24,0.00,0.0
1825,00:30:25,0.00,0.0
1826,00:30:26,0.00,0.0
1827,00:30:27,0.00,0.0
1828,00:30:28,0.00,0.0
1829,00:30:29,0.00,0.0
1830,00:30:30,0.00,0.0
1831,00:30:31,0.00,0.0
1832,00:30:32,0.00,0.0
1833,00:30:33,0.00,0.0
1834,00:30:34,0.00,0.0
1835,00:30:35,0.00,0.0
1836,00:30:36,0.00,0.0
1837,00:30:37,0.00,0.0
1838,00:30:38,0.00,0.0
1839,00:30:39,0.00,0.0
1840,00:30:40,0.00,0.0
1841,00:30:41,0.00,0.0
1842,00:30:42,2.00,0.0
1843,00:30:43,4.00,0.0
1844,00:30:44,4.00,0.0
1845,00:30:45,3.00,0.0
1846,00:30:46,2.00,0.0
1847,00:30:47,0.00,0.0
1848,00:30:48,0.00,0.0
1849,00:30:49,0.00,0.0
1850,00:30:50,0.00,0.0
1851,00:30:51,0.00,0.0
1852,00:30:52,0.00,0.0
1853,00:30:53,0.00,0.0
1854,00:30:54,0.00,0.0
1855,00:30:55,0.00,0.0
1856,00:30:56,0.00,0.0
1857,00:30:57,0.00,0.0
1858,00:30:58,0.00,0.0
1859,00:30:59,0.00,0.0
1860,00:31:00,0.00,0.0
1861,00:31:01,0.00,0.0
1862,00:31:02,0.00,0.0
1863,00:31:03,0.00,0.0
1864,00:31:04,0.00,0.0
1865,00:31:05,0.00,0.0
1866,00:31:06,0.00,0.0
1867,00:31:07,1.00,0.0
1868,00:31:08,5.00,0.0
1869,00:31:09,5.00,0.0
1870,00:31:10,9.00,0.0
1871,00:31:11,17.00,1.2
1872,00:31:12,29.00,15.1
1873,00:31:13,29.00,15.1
1874,00:31:14,20.00,4.7
1875,00:31:15,11.00,0.0
1876,00:31:16,6.00,0.0
1877,00:31:17,1.00,0.0
1878,00:31:18,0.00,0.0
1879,00:31:19,0.00,0.0
1880,00:31:20,0.00,0.0
1881,00:31:21,0.00,0.0
1882,00:31:22,0.00,0.0
1883,00:31:23,0.00,0.0
1884,00:31:24,0.00,0.0
1885,00:31:25,0.00,0.0
1886,00:31:26,0.00,0.0
1887,00:31:27,0.00,0.0
1888,00:31:28,0.00,0.0
1889,00:31:29,0.00,0.0
1890,00:31:30,0.00,0.0
1891,00:31:31,0.00,0.0
1892,00:31:32,0.00,0.0
1893,00:31:33,0.00,0.0
1894,00:31:34,0.00,0.0
1895,00:31:35,0.00,0.0
1896,00:31:36,0.00,0.0
1897,00:31:37,0.00,0.0
1898,00:31:38,0.00,0.0
1899,00:31:39,0.00,0.0
1900,00:31:40,0.00,0.0
1901,00:31:41,0.00,0.0
1902,00:31:42,0.00,0.0
1903,00:31:43,0.00,0.0
1904,00:31:44,0.00,0.0
1905,00:31:45,0.00,0.0
1906,00:31:46,0.00,0.0
1907,00:31:47,0.00,0.0
1908,00:31:48,0.00,0.0
1909,00:31:49,0.00,0.0
1910,00:31:50,0.00,0.0
1911,00:31:51,0.00,0.0
1912,00:31:52,0.00,0.0
1913,00:31:53,0.00,0.0
1914,00:31:54,0.00,0.0
1915,00:31:55,0.00,0.0
1916,00:31:56,0.00,0.0
1917,00:31:57,0.00,0.0
1918,00:31:58,2.00,0.0
1919,00:31:59,2.00,0.0
1920,00:32:00,0.00,0.0
1921,00:32:01,0.00,0.0
1922,00:32:02,0.00,0.0
1923,00:32:03,0.00,0.0
1924,00:32:04,0.00,0.0
1925,00:32:05,0.00,0.0
1926,00:32:06,0.00,0.0
1927,00:32:07,0.00,0.0
1928,00:32:08,0.00,0.0
1929,00:32:09,0.00,0.0
1930,00:32:10,0.00,0.0
1931,00:32:11,1.00,0.0
1932,00:32:12,3.00,0.0
1933,00:32:13,6.00,0.0
1934,00:32:14,9.00,0.0
1935,00:32:15,12.00,0.0
1936,00:32:16,15.00,0.0
1937,00:32:17,17.00,1.2
1938,00:32:18,19.00,3.5
1939,00:32:19,21.00,5.8
1940,00:32:20,23.00,8.2
1941,00:32:21,23.00,8.2
1942,00:32:22,23.00,8.2
1943,00:32:23,23.00,8.2
1944,00:32:24,27.00,12.8
1945,00:32:25,31.00,17.5
1946,00:32:26,29.00,15.1
1947,00:32:27,26.00,11.6
1948,00:32:28,26.00,11.6
1949,00:32:29,26.00,11.6
1950,00:32:30,25.00,10.5
1951,00:32:31,26.00,11.6
1952,00:32:32,26.00,11.6
1953,00:32:33,27.00,12.8
1954,00:32:34,27.00,12.8
1955,00:32:35,26.00,11.6
1956,00:32:36,26.00,11.6
1957,00:32:37,25.00,10.5
1958,00:32:38,25.00,10.5
1959,00:32:39,24.00,9.3
1960,00:32:40,23.00,8.2
1961,00:32:41,21.00,5.8
1962,00:32:42,20.00,4.7
1963,00:32:43,19.00,3.5
1964,00:32:44,17.00,1.2
1965,00:32:45,16.00,0.0
1966,00:32:46,14.00,0.0
1967,00:32:47,12.00,0.0
1968,00:32:48,11.00,0.0
1969,00:32:49,9.00,0.0
1970,00:32:50,8.00,0.0
1971,00:32:51,7.00,0.0
1972,00:32:52,5.00,0.0
1973,00:32:53,4.00,0.0
1974,00:32:54,2.00,0.0
1975,00:32:55,1.00,0.0
1976,00:32:56,0.00,0.0
1977,00:32:57,0.00,0.0
1978,00:32:58,0.00,0.0
1979,00:32:59,0.00,0.0
1980,00:33:00,0.00,0.0
1981,00:33:01,0.00,0.0
1982,00:33:02,0.00,0.0
1983,00:33:03,0.00,0.0
1984,00:33:04,0.00,0.0
1985,00:33:05,0.00,0.0
1986,00:33:06,0.00,0.0
1987,00:33:07,0.00,0.0
1988,00:33:08,0.00,0.0
1989,00:33:09,0.00,0.0
1990,00:33:10,0.00,0.0
1991,00:33:11,0.00,0.0
1992,00:33:12,0.00,0.0
1993,00:33:13,0.00,0.0
1994,00:33:14,0.00,0.0
1995,00:33:15,0.00,0.0
1996,00:33:16,0.00,0.0
1997,00:33:17,0.00,0.0
1998,00:33:18,0.00,0.0
1999,00:33:19,0.00,0.0
2000,00:33:20,0.00,0.0
2001,00:33:21,0.00,0.0
2002,00:33:22,0.00,0.0
2003,00:33:23,0.00,0.0
2004,00:33:24,0.00,0.0
2005,00:33:25,0.00,0.0
2006,00:33:26,0.00,0.0
2007,00:33:27,0.00,0.0
2008,00:33:28,0.00,0.0
2009,00:33:29,0.00,0.0
2010,00:33:30,0.00,0.0
2011,00:33:31,0.00,0.0
2012,00:33:32,0.00,0.0
2013,00:33:33,0.00,0.0
2014,00:33:34,0.00,0.0
2015,00:33:35,0.00,0.0
2016,00:33:36,0.00,0.0
2017,00:33:37,0.00,0.0
2018,00:33:38,0.00,0.0
2019,00:33:39,0.00,0.0
2020,00:33:40,0.00,0.0
2021,00:33:41,0.00,0.0
2022,00:33:42,0.00,0.0
2023,00:33:43,0.00,0.0
2024,00:33:44,0.00,0.0
2025,00:33:45,0.00,0.0
2026,00:33:46,0.00,0.0
2027,00:33:47,0.00,0.0
2028,00:33:48,0.00,0.0
2029,00:33:49,1.00,0.0
2030,00:33:50,8.00,0.0
2031,00:33:51,14.00,0.0
2032,00:33:52,17.00,1.2
2033,00:33:53,17.00,1.2
2034,00:33:54,16.00,0.0
2035,00:33:55,16.00,0.0
2036,00:33:56,16.00,0.0
2037,00:33:57,17.00,1.2
2038,00:33:58,17.00,1.2
2039,00:33:59,19.00,3.5
2040,00:34:00,21.00,5.8
2041,00:34:01,22.00,7.0
2042,00:34:02,24.00,9.3
2043,00:34:03,25.00,10.5
2044,00:34:04,25.00,10.5
2045,00:34:05,25.00,10.5
2046,00:34:06,24.00,9.3
2047,00:34:07,24.00,9.3
2048,00:34:08,25.00,10.5
2049,00:34:09,23.00,8.2
2050,00:34:10,20.00,4.7
2051,00:34:11,14.00,0.0
2052,00:34:12,1.00,0.0
2053,00:34:13,0.00,0.0
2054,00:34:14,0.00,0.0
2055,00:34:15,0.00,0.0
2056,00:34:16,0.00,0.0
2057,00:34:17,0.00,0.0
2058,00:34:18,0.00,0.0
2059,00:34:19,0.00,0.0
2060,00:34:20,1.00,0.0
2061,00:34:21,3.00,0.0
2062,00:34:22,4.00,0.0
2063,00:34:23,4.00,0.0
2064,00:34:24,4.00,0.0
2065,00:34:25,4.00,0.0
2066,00:34:26,4.00,0.0
2067,00:34:27,4.00,0.0
2068,00:34:28,4.00,0.0
2069,00:34:29,4.00,0.0
2070,00:34:30,0.00,0.0
2071,00:34:31,0.00,0.0
2072,00:34:32,0.00,0.0
2073,00:34:33,0.00,0.0
2074,00:34:34,0.00,0.0
2075,00:34:35,0.00,0.0
2076,00:34:36,0.00,0.0
2077,00:34:37,0.00,0.0
2078,00:34:38,0.00,0.0
2079,00:34:39,0.00,0.0
2080,00:34:40,0.00,0.0
2081,00:34:41,0.00,0.0
2082,00:34:42,0.00,0.0
2083,00:34:43,0.00,0.0
2084,00:34:44,0.00,0.0
2085,00:34:45,0.00,0.0
2086,00:34:46,0.00,0.0
2087,00:34:47,0.00,0.0
2088,00:34:48,0.00,0.0
2089,00:34:49,0.00,0.0
2090,00:34:50,0.00,0.0
2091,00:34:51,0.00,0.0
2092,00:34:52,0.00,0.0
2093,00:34:53,0.00,0.0
2094,00:34:54,0.00,0.0
2095,00:34:55,0.00,0.0
2096,00:34:56,0.00,0.0
2097,00:34:57,0.00,0.0
2098,00:34:58,0.00,0.0
2099,00:34:59,0.00,0.0
2100,00:35:00,0.00,0.0
2101,00:35:01,0.00,0.0
2102,00:35:02,0.00,0.0
2103,00:35:03,0.00,0.0
2104,00:35:04,0.00,0.0
2105,00:35:05,0.00,0.0
2106,00:35:06,0.00,0.0
2107,00:35:07,0.00,0.0
2108,00:35:08,0.00,0.0
2109,00:35:09,0.00,0.0
2110,00:35:10,0.00,0.0
2111,00:35:11,3.00,0.0
2112,00:35:12,5.00,0.0
2113,00:35:13,8.00,0.0
2114,00:35:14,12.00,0.0
2115,00:35:15,18.00,2.3
2116,00:35:16,24.00,9.3
2117,00:35:17,33.00,19.8
2118,00:35:18,42.00,30.3
2119,00:35:19,48.00,37.3
2120,00:35:20,52.00,41.9
2121,00:35:21,54.00,44.2
2122,00:35:22,58.00,48.9
2123,00:35:23,63.00,54.7
2124,00:35:24,64.00,55.9
2125,00:35:25,72.00,65.2
2126,00:35:26,83.00,78.0
2127,00:35:27,97.00,94.3
2128,00:35:28,105.00,103.6
2129,00:35:29,108.00,107.1
2130,00:35:30,105.00,103.6
2131,00:35:31,95.00,92.0
2132,00:35:32,87.00,82.7
2133,00:35:33,82.00,76.8
2134,00:35:34,73.00,66.4
2135,00:35:35,55.00,45.4
2136,00:35:36,39.00,26.8
2137,00:35:37,17.00,1.2
2138,00:35:38,5.00,0.0
2139,00:35:39,0.00,0.0
2140,00:35:40,0.00,0.0
2141,00:35:41,0.00,0.0
2142,00:35:42,0.00,0.0
2143,00:35:43,0.00,0.0
2144,00:35:44,0.00,0.0
2145,00:35:45,0.00,0.0
2146,00:35:46,0.00,0.0
2147,00:35:47,0.00,0.0
2148,00:35:48,0.00,0.0
2149,00:35:49,0.00,0.0
2150,00:35:50,0.00,0.0
2151,00:35:51,0.00,0.0
2152,00:35:52,0.00,0.0
2153,00:35:53,0.00,0.0
2154,00:35:54,0.00,0.0
2155,00:35:55,0.00,0.0
2156,00:35:56,0.00,0.0
2157,00:35:57,0.00,0.0
2158,00:35:58,0.00,0.0
2159,00:35:59,0.00,0.0
2160,00:36:00,0.00,0.0
2161,00:36:01,0.00,0.0
2162,00:36:02,0.00,0.0
2163,00:36:03,0.00,0.0
2164,00:36:04,0.00,0.0
2165,00:36:05,0.00,0.0
2166,00:36:06,0.00,0.0
2167,00:36:07,0.00,0.0
2168,00:36:08,0.00,0.0
2169,00:36:09,0.00,0.0
2170,00:36:10,0.00,0.0
2171,00:36:11,0.00,0.0
2172,00:36:12,0.00,0.0
2173,00:36:13,0.00,0.0
2174,00:36:14,0.00,0.0
2175,00:36:15,0.00,0.0
2176,00:36:16,0.00,0.0
2177,00:36:17,0.00,0.0
2178,00:36:18,0.00,0.0
2179,00:36:19,0.00,0.0
2180,00:36:20,0.00,0.0
2181,00:36:21,0.00,0.0
2182,00:36:22,0.00,0.0
2183,00:36:23,0.00,0.0
2184,00:36:24,0.00,0.0
2185,00:36:25,0.00,0.0
2186,00:36:26,0.00,0.0
2187,00:36:27,0.00,0.0
2188,00:36:28,0.00,0.0
2189,00:36:29,0.00,0.0
2190,00:36:30,0.00,0.0
2191,00:36:31,0.00,0.0
2192,00:36:32,0.00,0.0
2193,00:36:33,0.00,0.0
2194,00:36:34,0.00,0.0
2195,00:36:35,0.00,0.0
2196,00:36:36,0.00,0.0
2197,00:36:37,3.00,0.0
2198,00:36:38,7.00,0.0
2199,00:36:39,11.00,0.0
2200,00:36:40,16.00,0.0
2201,00:36:41,13.00,0.0
2202,00:36:42,4.00,0.0
2203,00:36:43,0.00,0.0
2204,00:36:44,0.00,0.0
2205,00:36:45,0.00,0.0
2206,00:36:46,0.00,0.0
2207,00:36:47,0.00,0.0
2208,00:36:48,0.00,0.0
2209,00:36:49,0.00,0.0
2210,00:36:50,0.00,0.0
2211,00:36:51,0.00,0.0
2212,00:36:52,0.00,0.0
2213,00:36:53,47.00,36.1
2214,00:36:54,105.00,103.6
2215,00:36:55,118.00,118.8
2216,00:36:56,115.00,115.3
2217,00:36:57,103.00,101.3
2218,00:36:58,91.00,87.3
2219,00:36:59,81.00,75.7
2220,00:37:00,73.00,66.4
2221,00:37:01,61.00,52.4
2222,00:37:02,142.00,146.7
2223,00:37:03,4.00,0.0
2224,00:37:04,0.00,0.0
2225,00:37:05,0.00,0.0
2226,00:37:06,8.00,0.0
2227,00:37:07,13.00,0.0
2228,00:37:08,24.00,9.3
2229,00:37:09,51.00,40.8
2230,00:37:10,70.00,62.9
2231,00:37:11,85.00,80.3
2232,00:37:12,93.00,89.7
2233,00:37:13,107.00,106.0
2234,00:37:14,105.00,103.6
2235,00:37:15,96.00,93.2
2236,00:37:16,71.00,64.0
2237,00:37:17,44.00,32.6
2238,00:37:18,29.00,15.1
2239,00:37:19,25.00,10.5
2240,00:37:20,10.00,0.0
2241,00:37:21,10.00,0.0
2242,00:37:22,5.00,0.0
2243,00:37:23,0.00,0.0
2244,00:37:24,0.00,0.0
2245,00:37:25,0.00,0.0
2246,00:37:26,0.00,0.0
2247,00:37:27,0.00,0.0
2248,00:37:28,0.00,0.0
2249,00:37:29,0.00,0.0
2250,00:37:30,0.00,0.0
2251,00:37:31,0.00,0.0
2252,00:37:32,0.00,0.0
2253,00:37:33,0.00,0.0
2254,00:37:34,0.00,0.0
2255,00:37:35,8.00,0.0
2256,00:37:36,89.00,85.0
2257,00:37:37,105.00,103.6
2258,00:37:38,108.00,107.1
2259,00:37:39,113.00,112.9
2260,00:37:40,113.00,112.9
2261,00:37:41,102.00,100.1
2262,00:37:42,101.00,99.0
2263,00:37:43,93.00,89.7
2264,00:37:44,106.00,104.8
2265,00:37:45,118.00,118.8
2266,00:37:46,0.00,0.0
2267,00:37:47,0.00,0.0
2268,00:37:48,0.00,0.0
2269,00:37:49,0.00,0.0
2270,00:37:50,0.00,0.0
2271,00:37:51,0.00,0.0
2272,00:37:52,0.00,0.0
2273,00:37:53,0.00,0.0
2274,00:37:54,0.00,0.0
2275,00:37:55,0.00,0.0
2276,00:37:56,0.00,0.0
2277,00:37:57,0.00,0.0
2278,00:37:58,0.00,0.0
2279,00:37:59,0.00,0.0
2280,00:38:00,0.00,0.0
2281,00:38:01,0.00,0.0
2282,00:38:02,0.00,0.0
2283,00:38:03,0.00,0.0
2284,00:38:04,0.00,0.0
2285,00:38:05,0.00,0.0
2286,00:38:06,0.00,0.0
2287,00:38:07,0.00,0.0
2288,00:38:08,0.00,0.0
2289,00:38:09,0.00,0.0
2290,00:38:10,10.00,0.0
2291,00:38:11,12.00,0.0
2292,00:38:12,14.00,0.0
2293,00:38:13,15.00,0.0
2294,00:38:14,7.00,0.0
2295,00:38:15,2.00,0.0
2296,00:38:16,3.00,0.0
2297,00:38:17,16.00,0.0
2298,00:38:18,34.00,21.0
2299,00:38:19,57.00,47.7
2300,00:38:20,77.00,71.0
2301,00:38:21,89.00,85.0
2302,00:38:22,90.00,86.2
2303,00:38:23,88.00,83.8
2304,00:38:24,80.00,74.5
2305,00:38:25,72.00,65.2
2306,00:38:26,67.00,59.4
2307,00:38:27,62.00,53.6
2308,00:38:28,59.00,50.1
2309,00:38:29,56.00,46.6
2310,00:38:30,56.00,46.6
2311,00:38:31,54.00,44.2
2312,00:38:32,51.00,40.8
2313,00:38:33,43.00,31.4
2314,00:38:34,34.00,21.0
2315,00:38:35,28.00,14.0
2316,00:38:36,21.00,5.8
2317,00:38:37,13.00,0.0
2318,00:38:38,5.00,0.0
2319,00:38:39,6.00,0.0
2320,00:38:40,8.00,0.0
2321,00:38:41,8.00,0.0
2322,00:38:42,6.00,0.0
2323,00:38:43,4.00,0.0
2324,00:38:44,4.00,0.0
2325,00:38:45,3.00,0.0
2326,00:38:46,4.00,0.0
2327,00:38:47,3.00,0.0
2328,00:38:48,1.00,0.0
2329,00:38:49,0.00,0.0
2330,00:38:50,0.00,0.0
2331,00:38:51,0.00,0.0
2332,00:38:52,0.00,0.0
2333,00:38:53,0.00,0.0
2334,00:38:54,0.00,0.0
2335,00:38:55,0.00,0.0
2336,00:38:56,0.00,0.0
2337,00:38:57,0.00,0.0
2338,00:38:58,0.00,0.0
2339,00:38:59,0.00,0.0
2340,00:39:00,0.00,0.0
2341,00:39:01,0.00,0.0
2342,00:39:02,0.00,0.0
2343,00:39:03,0.00,0.0
2344,00:39:04,0.00,0.0
2345,00:39:05,0.00,0.0
2346,00:39:06,0.00,0.0
2347,00:39:07,0.00,0.0
2348,00:39:08,0.00,0.0
2349,00:39:09,0.00,0.0
2350,00:39:10,0.00,0.0
2351,00:39:11,0.00,0.0
2352,00:39:12,0.00,0.0
2353,00:39:13,0.00,0.0
2354,00:39:14,0.00,0.0
2355,00:39:15,0.00,0.0
2356,00:39:16,0.00,0.0
2357,00:39:17,0.00,0.0
2358,00:39:18,0.00,0.0
2359,00:39:19,0.00,0.0
2360,00:39:20,0.00,0.0
2361,00:39:21,0.00,0.0
2362,00:39:22,0.00,0.0
2363,00:39:23,0.00,0.0
2364,00:39:24,0.00,0.0
2365,00:39:25,0.00,0.0
2366,00:39:26,0.00,0.0
2367,00:39:27,0.00,0.0
2368,00:39:28,0.00,0.0
2369,00:39:29,0.00,0.0
2370,00:39:30,0.00,0.0
2371,00:39:31,0.00,0.0
2372,00:39:32,0.00,0.0
2373,00:39:33,0.00,0.0
2374,00:39:34,0.00,0.0
2375,00:39:35,0.00,0.0
2376,00:39:36,0.00,0.0
2377,00:39:37,0.00,0.0
2378,00:39:38,0.00,0.0
2379,00:39:39,0.00,0.0
2380,00:39:40,0.00,0.0
2381,00:39:41,0.00,0.0
2382,00:39:42,0.00,0.0
2383,00:39:43,0.00,0.0
2384,00:39:44,0.00,0.0
2385,00:39:45,0.00,0.0
2386,00:39:46,0.00,0.0
2387,00:39:47,0.00,0.0
2388,00:39:48,0.00,0.0
2389,00:39:49,0.00,0.0
2390,00:39:50,0.00,0.0
2391,00:39:51,0.00,0.0
2392,00:39:52,0.00,0.0
2393,00:39:53,0.00,0.0
2394,00:39:54,0.00,0.0
2395,00:39:55,0.00,0.0
2396,00:39:56,0.00,0.0
2397,00:39:57,0.00,0.0
2398,00:39:58,0.00,0.0
2399,00:39:59,0.00,0.0
2400,00:40:00,0.00,0.0
2401,00:40:01,0.00,0.0
2402,00:40:02,0.00,0.0
2403,00:40:03,0.00,0.0
2404,00:40:04,0.00,0.0
2405,00:40:05,0.00,0.0
2406,00:40:06,0.00,0.0
2407,00:40:07,0.00,0.0
2408,00:40:08,0.00,0.0
2409,00:40:09,0.00,0.0
2410,00:40:10,0.00,0.0
2411,00:40:11,0.00,0.0
2412,00:40:12,0.00,0.0
2413,00:40:13,0.00,0.0
2414,00:40:14,0.00,0.0
2415,00:40:15,0.00,0.0
2416,00:40:16,0.00,0.0
2417,00:40:17,0.00,0.0
2418,00:40:18,0.00,0.0
2419,00:40:19,0.00,0.0
2420,00:40:20,0.00,0.0
2421,00:40:21,0.00,0.0
2422,00:40:22,0.00,0.0
2423,00:40:23,0.00,0.0
2424,00:40:24,0.00,0.0
2425,00:40:25,0.00,0.0
2426,00:40:26,0.00,0.0
2427,00:40:27,0.00,0.0
2428,00:40:28,0.00,0.0
2429,00:40:29,0.00,0.0
2430,00:40:30,0.00,0.0
2431,00:40:31,0.00,0.0
2432,00:40:32,0.00,0.0
2433,00:40:33,0.00,0.0
2434,00:40:34,0.00,0.0
2435,00:40:35,0.00,0.0
2436,00:40:36,0.00,0.0
2437,00:40:37,0.00,0.0
2438,00:40:38,0.00,0.0
2439,00:40:39,0.00,0.0
2440,00:40:40,0.00,0.0
2441,00:40:41,0.00,0.0
2442,00:40:42,0.00,0.0
2443,00:40:43,0.00,0.0
2444,00:40:44,0.00,0.0
2445,00:40:45,0.00,0.0
2446,00:40:46,0.00,0.0
2447,00:40:47,0.00,0.0
2448,00:40:48,0.00,0.0
2449,00:40:49,0.00,0.0
2450,00:40:50,0.00,0.0
2451,00:40:51,0.00,0.0
2452,00:40:52,0.00,0.0
2453,00:40:53,0.00,0.0
2454,00:40:54,0.00,0.0
2455,00:40:55,0.00,0.0
2456,00:40:56,0.00,0.0
2457,00:40:57,0.00,0.0
2458,00:40:58,0.00,0.0
2459,00:40:59,0.00,0.0
2460,00:41:00,0.00,0.0
2461,00:41:01,0.00,0.0
2462,00:41:02,0.00,0.0
2463,00:41:03,0.00,0.0
2464,00:41:04,0.00,0.0
2465,00:41:05,0.00,0.0
2466,00:41:06,0.00,0.0
2467,00:41:07,0.00,0.0
2468,00:41:08,0.00,0.0
2469,00:41:09,0.00,0.0
2470,00:41:10,0.00,0.0
2471,00:41:11,0.00,0.0
2472,00:41:12,0.00,0.0
2473,00:41:13,0.00,0.0
2474,00:41:14,0.00,0.0
2475,00:41:15,0.00,0.0
2476,00:41:16,0.00,0.0
2477,00:41:17,0.00,0.0
2478,00:41:18,0.00,0.0
2479,00:41:19,0.00,0.0
2480,00:41:20,0.00,0.0
2481,00:41:21,0.00,0.0
2482,00:41:22,0.00,0.0
2483,00:41:23,0.00,0.0
2484,00:41:24,0.00,0.0
2485,00:41:25,0.00,0.0
2486,00:41:26,0.00,0.0
2487,00:41:27,0.00,0.0
2488,00:41:28,0.00,0.0
2489,00:41:29,0.00,0.0
2490,00:41:30,0.00,0.0
2491,00:41:31,0.00,0.0
2492,00:41:32,0.00,0.0
2493,00:41:33,0.00,0.0
2494,00:41:34,0.00,0.0
2495,00:41:35,0.00,0.0
2496,00:41:36,0.00,0.0
2497,00:41:37,0.00,0.0
2498,00:41:38,0.00,0.0
2499,00:41:39,0.00,0.0
2500,00:41:40,0.00,0.0
2501,00:41:41,0.00,0.0
2502,00:41:42,0.00,0.0
2503,00:41:43,0.00,0.0
2504,00:41:44,0.00,0.0
2505,00:41:45,0.00,0.0
2506,00:41:46,0.00,0.0
2507,00:41:47,0.00,0.0
2508,00:41:48,0.00,0.0
2509,00:41:49,0.00,0.0
2510,00:41:50,0.00,0.0
2511,00:41:51,0.00,0.0
2512,00:41:52,0.00,0.0
2513,00:41:53,0.00,0.0
2514,00:41:54,0.00,0.0
2515,00:41:55,0.00,0.0
2516,00:41:56,0.00,0.0
2517,00:41:57,0.00,0.0
2518,00:41:58,0.00,0.0
2519,00:41:59,0.00,0.0
2520,00:42:00,0.00,0.0
2521,00:42:01,0.00,0.0
2522,00:42:02,0.00,0.0
2523,00:42:03,0.00,0.0
2524,00:42:04,0.00,0.0
2525,00:42:05,0.00,0.0
2526,00:42:06,0.00,0.0
2527,00:42:07,0.00,0.0
2528,00:42:08,0.00,0.0
2529,00:42:09,0.00,0.0
2530,00:42:10,0.00,0.0
2531,00:42:11,0.00,0.0
2532,00:42:12,0.00,0.0
2533,00:42:13,0.00,0.0
2534,00:42:14,0.00,0.0
2535,00:42:15,0.00,0.0
2536,00:42:16,0.00,0.0
2537,00:42:17,0.00,0.0
2538,00:42:18,0.00,0.0
2539,00:42:19,0.00,0.0
2540,00:42:20,0.00,0.0
2541,00:42:21,0.00,0.0
2542,00:42:22,0.00,0.0
2543,00:42:23,0.00,0.0
2544,00:42:24,0.00,0.0
2545,00:42:25,0.00,0.0
2546,00:42:26,0.00,0.0
2547,00:42:27,0.00,0.0
2548,00:42:28,0.00,0.0
2549,00:42:29,0.00,0.0
2550,00:42:30,0.00,0.0
2551,00:42:31,0.00,0.0
2552,00:42:32,0.00,0.0
2553,00:42:33,0.00,0.0
2554,00:42:34,0.00,0.0
2555,00:42:35,0.00,0.0
2556,00:42:36,0.00,0.0
2557,00:42:37,0.00,0.0
2558,00:42:38,0.00,0.0
2559,00:42:39,0.00,0.0
2560,00:42:40,0.00,0.0
2561,00:42:41,0.00,0.0
2562,00:42:42,0.00,0.0
2563,00:42:43,0.00,0.0
2564,00:42:44,0.00,0.0
2565,00:42:45,0.00,0.0
2566,00:42:46,0.00,0.0
2567,00:42:47,0.00,0.0
2568,00:42:48,0.00,0.0
2569,00:42:49,0.00,0.0
2570,00:42:50,0.00,0.0
2571,00:42:51,0.00,0.0
2572,00:42:52,0.00,0.0
2573,00:42:53,0.00,0.0
2574,00:42:54,0.00,0.0
2575,00:42:55,0.00,0.0
2576,00:42:56,0.00,0.0
2577,00:42:57,0.00,0.0
2578,00:42:58,0.00,0.0
2579,00:42:59,0.00,0.0
